State,County,State County Code,Year,Total Planted Acres
Alabama,Autauga,1001,2024,14.14
Alabama,Baldwin,1003,2024,9719.6
Alabama,Barbour,1005,2024,374.1
Alabama,Bibb,1007,2024,170.45
Alabama,Blount,1009,2024,3533.28
Alabama,Bullock,1011,2024,355.83
Alabama,Butler,1013,2024,528.59
Alabama,Calhoun,1015,2024,2796.9500000000003
Alabama,Cherokee,1019,2024,6383.83
Alabama,Clarke,1025,2024,216.57
Alabama,Clay,1027,2024,143.0
Alabama,Cleburne,1029,2024,134.92
Alabama,Coffee,1031,2024,1577.3
Alabama,Colbert,1033,2024,24501.57
Alabama,Conecuh,1035,2024,618.65
Alabama,Covington,1039,2024,1668.65
Alabama,Crenshaw,1041,2024,285.75
Alabama,Cullman,1043,2024,8417.76
Alabama,Dale,1045,2024,136.39
Alabama,Dallas,1047,2024,6715.1900000000005
Alabama,DeKalb,1049,2024,11347.44
Alabama,Elmore,1051,2024,3426.41
Alabama,Escambia,1053,2024,5058.389999999999
Alabama,Etowah,1055,2024,3095.12
Alabama,Fayette,1057,2024,1663.37
Alabama,Franklin,1059,2024,4915.92
Alabama,Geneva,1061,2024,1912.27
Alabama,Greene,1063,2024,259.76
Alabama,Hale,1065,2024,1498.8899999999999
Alabama,Henry,1067,2024,8.1
Alabama,Houston,1069,2024,460.7
Alabama,Jackson,1071,2024,28240.78
Alabama,Lamar,1075,2024,950.65
Alabama,Lauderdale,1077,2024,23527.72
Alabama,Lawrence,1079,2024,38462.509999999995
Alabama,Limestone,1083,2024,46953.700000000004
Alabama,Lowndes,1085,2024,3178.015
Alabama,Macon,1087,2024,696.41
Alabama,Madison,1089,2024,38349.32
Alabama,Marengo,1091,2024,3816.9
Alabama,Marion,1093,2024,4264.49
Alabama,Marshall,1095,2024,7126.27
Alabama,Mobile,1097,2024,91.8
Alabama,Monroe,1099,2024,5516.280000000001
Alabama,Montgomery,1101,2024,1905.81
Alabama,Morgan,1103,2024,9440.06
Alabama,Perry,1105,2024,8163.629999999999
Alabama,Pickens,1107,2024,2508.1899999999996
Alabama,Pike,1109,2024,456.0
Alabama,Randolph,1111,2024,408.71
Alabama,Russell,1113,2024,890.9
Alabama,Shelby,1117,2024,2289.59
Alabama,St. Clair,1115,2024,186.28
Alabama,Sumter,1119,2024,1704.98
Alabama,Talladega,1121,2024,4705.9
Alabama,Tallapoosa,1123,2024,51.0
Alabama,Tuscaloosa,1125,2024,2865.41
Alabama,Walker,1127,2024,692.05
Alabama,Washington,1129,2024,1401.2
Alabama,Wilcox,1131,2024,471.76
Alabama,Winston,1133,2024,129.0
Arizona,Pinal,4021,2024,8.29
Arkansas,Arkansas,5001,2024,175202.23
Arkansas,Ashley,5003,2024,56053.78
Arkansas,Benton,5007,2024,176.95
Arkansas,Chicot,5017,2024,159849.61000000002
Arkansas,Clark,5019,2024,4086.65
Arkansas,Clay,5021,2024,106186.76000000001
Arkansas,Conway,5029,2024,14984.15
Arkansas,Craighead,5031,2024,89620.72
Arkansas,Crawford,5033,2024,12277.91
Arkansas,Crittenden,5035,2024,229717.25
Arkansas,Cross,5037,2024,149732.355
Arkansas,Desha,5041,2024,127109.68
Arkansas,Drew,5043,2024,23442.77
Arkansas,Faulkner,5045,2024,6533.87
Arkansas,Franklin,5047,2024,1608.13
Arkansas,Greene,5055,2024,70582.88
Arkansas,Hot Spring,5059,2024,451.89
Arkansas,Independence,5063,2024,23418.61
Arkansas,Jackson,5067,2024,112210.69
Arkansas,Jefferson,5069,2024,108065.33
Arkansas,Johnson,5071,2024,2913.45
Arkansas,Lafayette,5073,2024,14837.35
Arkansas,Lawrence,5075,2024,74264.31999999999
Arkansas,Lee,5077,2024,121920.61
Arkansas,Lincoln,5079,2024,59246.299999999996
Arkansas,Little River,5081,2024,10337.66
Arkansas,Logan,5083,2024,5807.58
Arkansas,Lonoke,5085,2024,101694.66
Arkansas,Miller,5091,2024,16535.08
Arkansas,Mississippi,5093,2024,255262.36
Arkansas,Monroe,5095,2024,96240.01000000001
Arkansas,Nevada,5099,2024,129.96
Arkansas,Perry,5105,2024,1396.18
Arkansas,Phillips,5107,2024,215221.34
Arkansas,Poinsett,5111,2024,166314.88
Arkansas,Pope,5115,2024,6046.290000000001
Arkansas,Prairie,5117,2024,100515.52
Arkansas,Pulaski,5119,2024,18013.17
Arkansas,Randolph,5121,2024,35276.61
Arkansas,Sebastian,5131,2024,3740.97
Arkansas,St. Francis,5123,2024,119828.53
Arkansas,Stone,5137,2024,37.04
Arkansas,Washington,5143,2024,356.84
Arkansas,White,5145,2024,15474.44
Arkansas,Woodruff,5147,2024,114693.1
Arkansas,Yell,5149,2024,6769.200000000001
California,Lassen,6035,2024,160.57
California,Solano,6095,2024,96.0
California,Sutter,6101,2024,93.68
Colorado,Adams,8001,2024,85.71
Colorado,Cheyenne,8017,2024,148.86
Colorado,Delta,8029,2024,24.0
Colorado,Fremont,8043,2024,0.002
Colorado,Kit Carson,8063,2024,83.93
Colorado,Logan,8075,2024,134.97
Colorado,Morgan,8087,2024,130.84
Colorado,Phillips,8095,2024,567.7
Colorado,Prowers,8099,2024,99.61
Colorado,Sedgwick,8115,2024,1953.97
Colorado,Washington,8121,2024,122.6
Colorado,Weld,8123,2024,125.86
Colorado,Yuma,8125,2024,2583.6400000000003
Connecticut,Hartford,9003,2024,363.33
Connecticut,Litchfield,9005,2024,3.72
Connecticut,Tolland,9013,2024,137.04
Connecticut,Windham,9015,2024,149.37
Delaware,Kent,10001,2024,58464.340000000004
Delaware,New Castle,10003,2024,17692.06
Delaware,Sussex,10005,2024,75978.57
Florida,Alachua,12001,2024,188.93
Florida,Calhoun,12013,2024,1567.77
Florida,Columbia,12023,2024,333.0
Florida,Escambia,12033,2024,3288.4
Florida,Gadsden,12039,2024,587.8
Florida,Hamilton,12047,2024,158.7
Florida,Holmes,12059,2024,1271.44
Florida,Jackson,12063,2024,2853.25
Florida,Jefferson,12065,2024,1045.79
Florida,Lafayette,12067,2024,231.28
Florida,Leon,12073,2024,143.6
Florida,Madison,12079,2024,880.24
Florida,Okaloosa,12091,2024,1096.21
Florida,Santa Rosa,12113,2024,1207.84
Florida,Suwannee,12121,2024,307.88
Florida,Walton,12131,2024,898.09
Florida,Washington,12133,2024,1639.05
Georgia,Appling,13001,2024,1658.05
Georgia,Atkinson,13003,2024,1861.4899999999998
Georgia,Bacon,13005,2024,1397.45
Georgia,Baker,13007,2024,31.28
Georgia,Banks,13011,2024,122.92
Georgia,Bartow,13015,2024,1608.2
Georgia,Ben Hill,13017,2024,281.65
Georgia,Berrien,13019,2024,2139.44
Georgia,Bibb,13021,2024,250.45999999999998
Georgia,Bleckley,13023,2024,7196.18
Georgia,Brantley,13025,2024,70.25
Georgia,Brooks,13027,2024,10228.74
Georgia,Bulloch,13031,2024,383.9
Georgia,Burke,13033,2024,2179.17
Georgia,Calhoun,13037,2024,1229.0
Georgia,Candler,13043,2024,353.14000000000004
Georgia,Carroll,13045,2024,247.55
Georgia,Catoosa,13047,2024,104.31
Georgia,Charlton,13049,2024,9.94
Georgia,Chattooga,13055,2024,917.33
Georgia,Clay,13061,2024,1733.1
Georgia,Clinch,13065,2024,207.5
Georgia,Coffee,13069,2024,2721.23
Georgia,Colquitt,13071,2024,653.5999999999999
Georgia,Cook,13075,2024,2793.66
Georgia,Crawford,13079,2024,156.64
Georgia,Crisp,13081,2024,17.47
Georgia,Dade,13083,2024,352.61
Georgia,Decatur,13087,2024,2943.93
Georgia,Dodge,13091,2024,760.2
Georgia,Dooly,13093,2024,3238.41
Georgia,Early,13099,2024,1789.4499999999998
Georgia,Effingham,13103,2024,1232.96
Georgia,Elbert,13105,2024,1942.73
Georgia,Emanuel,13107,2024,2334.06
Georgia,Evans,13109,2024,317.46000000000004
Georgia,Floyd,13115,2024,1802.4499999999998
Georgia,Franklin,13119,2024,447.85
Georgia,Gilmer,13123,2024,178.54999999999998
Georgia,Glascock,13125,2024,98.0
Georgia,Gordon,13129,2024,3719.83
Georgia,Grady,13131,2024,4033.17
Georgia,Greene,13133,2024,49.76
Georgia,Hart,13147,2024,4417.32
Georgia,Heard,13149,2024,83.86
Georgia,Henry,13151,2024,364.72
Georgia,Houston,13153,2024,1268.63
Georgia,Irwin,13155,2024,491.84999999999997
Georgia,Jackson,13157,2024,80.4
Georgia,Jeff Davis,13161,2024,2093.15
Georgia,Jefferson,13163,2024,4571.88
Georgia,Jenkins,13165,2024,362.87
Georgia,Johnson,13167,2024,1692.41
Georgia,Lamar,13171,2024,1236.94
Georgia,Lanier,13173,2024,966.9
Georgia,Laurens,13175,2024,9026.73
Georgia,Lee,13177,2024,3643.17
Georgia,Lowndes,13185,2024,1181.84
Georgia,Macon,13193,2024,6493.9
Georgia,Madison,13195,2024,541.58
Georgia,Marion,13197,2024,1248.73
Georgia,McDuffie,13189,2024,171.16
Georgia,Meriwether,13199,2024,330.25
Georgia,Miller,13201,2024,1425.6
Georgia,Mitchell,13205,2024,1824.18
Georgia,Monroe,13207,2024,493.12
Georgia,Montgomery,13209,2024,95.0
Georgia,Morgan,13211,2024,953.0200000000001
Georgia,Murray,13213,2024,799.21
Georgia,Oglethorpe,13221,2024,623.8199999999999
Georgia,Peach,13225,2024,1858.6
Georgia,Pierce,13229,2024,4154.370000000001
Georgia,Pike,13231,2024,100.79
Georgia,Polk,13233,2024,912.95
Georgia,Pulaski,13235,2024,716.4599999999999
Georgia,Putnam,13237,2024,50.0
Georgia,Rabun,13241,2024,34.86
Georgia,Randolph,13243,2024,7578.7699999999995
Georgia,Richmond,13245,2024,473.27
Georgia,Schley,13249,2024,145.02
Georgia,Screven,13251,2024,333.07
Georgia,Seminole,13253,2024,2739.65
Georgia,Stewart,13259,2024,156.42
Georgia,Sumter,13261,2024,5256.29
Georgia,Tattnall,13267,2024,2193.62
Georgia,Taylor,13269,2024,111.69
Georgia,Telfair,13271,2024,454.65
Georgia,Terrell,13273,2024,4060.82
Georgia,Thomas,13275,2024,2473.93
Georgia,Tift,13277,2024,659.0799999999999
Georgia,Toombs,13279,2024,1848.35
Georgia,Towns,13281,2024,10.42
Georgia,Turner,13287,2024,624.95
Georgia,Twiggs,13289,2024,288.16999999999996
Georgia,Union,13291,2024,50.89
Georgia,Walker,13295,2024,818.55
Georgia,Walton,13297,2024,521.43
Georgia,Ware,13299,2024,146.71
Georgia,Washington,13303,2024,2678.19
Georgia,Wayne,13305,2024,1414.32
Georgia,Webster,13307,2024,279.05
Georgia,Wheeler,13309,2024,612.48
Georgia,Whitfield,13313,2024,591.51
Georgia,Wilcox,13315,2024,1963.3400000000001
Georgia,Wilkes,13317,2024,277.26
Georgia,Wilkinson,13319,2024,240.76
Georgia,Worth,13321,2024,4165.66
Idaho,Idaho,16049,2024,65.6
Illinois,Adams,17001,2024,137163.36000000002
Illinois,Alexander,17003,2024,33000.66
Illinois,Bond,17005,2024,62410.8
Illinois,Boone,17007,2024,38655.549999999996
Illinois,Brown,17009,2024,43527.84
Illinois,Bureau,17011,2024,164571.485
Illinois,Calhoun,17013,2024,21386.12
Illinois,Carroll,17015,2024,58743.1
Illinois,Cass,17017,2024,60111.299999999996
Illinois,Champaign,17019,2024,249492.16799999998
Illinois,Christian,17021,2024,186169.22999999998
Illinois,Clark,17023,2024,99990.20000000001
Illinois,Clay,17025,2024,123301.36
Illinois,Clinton,17027,2024,113683.48
Illinois,Coles,17029,2024,110982.43
Illinois,Cook,17031,2024,4189.69
Illinois,Crawford,17033,2024,93200.3
Illinois,Cumberland,17035,2024,72379.17
Illinois,DeKalb,17037,2024,138874.5
Illinois,DeWitt,17039,2024,95276.95
Illinois,Douglas,17041,2024,125056.225
Illinois,DuPage,17043,2024,1769.78
Illinois,Edgar,17045,2024,169763.2
Illinois,Edwards,17047,2024,44366.85
Illinois,Effingham,17049,2024,103175.85999999999
Illinois,Fayette,17051,2024,152549.19
Illinois,Ford,17053,2024,132173.62
Illinois,Franklin,17055,2024,91228.93
Illinois,Fulton,17057,2024,110536.08
Illinois,Gallatin,17059,2024,84626.32
Illinois,Greene,17061,2024,103598.92000000001
Illinois,Grundy,17063,2024,107081.35
Illinois,Hamilton,17065,2024,103275.28
Illinois,Hancock,17067,2024,156722.43
Illinois,Hardin,17069,2024,5709.11
Illinois,Henderson,17071,2024,61919.37
Illinois,Henry,17073,2024,186525.0
Illinois,Iroquois,17075,2024,292936.24000000005
Illinois,Jackson,17077,2024,87657.59
Illinois,Jasper,17079,2024,122987.93000000001
Illinois,Jefferson,17081,2024,111950.2
Illinois,Jersey,17083,2024,62732.58
Illinois,Jo Daviess,17085,2024,47897.39
Illinois,Johnson,17087,2024,25985.64
Illinois,Kane,17089,2024,54215.71
Illinois,Kankakee,17091,2024,142902.29499999998
Illinois,Kendall,17093,2024,55072.25
Illinois,Knox,17095,2024,132194.09999999998
Illinois,La Salle,17099,2024,252008.78
Illinois,Lake,17097,2024,7750.02
Illinois,Lawrence,17101,2024,88380.12
Illinois,Lee,17103,2024,135728.51
Illinois,Livingston,17105,2024,276393.26
Illinois,Logan,17107,2024,164812.43
Illinois,Macon,17115,2024,134642.03
Illinois,Macoupin,17117,2024,170993.22
Illinois,Madison,17119,2024,118960.33
Illinois,Marion,17121,2024,110456.35999999999
Illinois,Marshall,17123,2024,83205.6
Illinois,Mason,17125,2024,94222.74
Illinois,Massac,17127,2024,42356.94
Illinois,McDonough,17109,2024,132968.92
Illinois,McHenry,17111,2024,65352.42
Illinois,McLean,17113,2024,296078.485
Illinois,Menard,17129,2024,75777.76
Illinois,Mercer,17131,2024,104220.265
Illinois,Monroe,17133,2024,84409.89
Illinois,Montgomery,17135,2024,160773.06
Illinois,Morgan,17137,2024,127664.09
Illinois,Moultrie,17139,2024,81893.59
Illinois,Ogle,17141,2024,112289.65
Illinois,Peoria,17143,2024,84569.96
Illinois,Perry,17145,2024,96357.25
Illinois,Piatt,17147,2024,139652.465
Illinois,Pike,17149,2024,133054.11000000002
Illinois,Pope,17151,2024,14725.76
Illinois,Pulaski,17153,2024,41398.5
Illinois,Putnam,17155,2024,26436.56
Illinois,Randolph,17157,2024,117642.11
Illinois,Richland,17159,2024,106837.21
Illinois,Rock Island,17161,2024,42371.36
Illinois,Saline,17165,2024,60519.189999999995
Illinois,Sangamon,17167,2024,175779.205
Illinois,Schuyler,17169,2024,64662.85
Illinois,Scott,17171,2024,45966.200000000004
Illinois,Shelby,17173,2024,172397.98
Illinois,St. Clair,17163,2024,112446.68
Illinois,Stark,17175,2024,80745.6
Illinois,Stephenson,17177,2024,90598.15
Illinois,Tazewell,17179,2024,124479.39
Illinois,Union,17181,2024,31708.45
Illinois,Vermilion,17183,2024,206297.99
Illinois,Wabash,17185,2024,51451.630000000005
Illinois,Warren,17187,2024,127888.79
Illinois,Washington,17189,2024,150135.5
Illinois,Wayne,17191,2024,153680.57
Illinois,White,17193,2024,126686.06
Illinois,Whiteside,17195,2024,105437.16
Illinois,Will,17197,2024,99264.89
Illinois,Williamson,17199,2024,27474.4
Illinois,Winnebago,17201,2024,51057.93
Illinois,Woodford,17203,2024,127854.68
Indiana,Adams,18001,2024,84845.18
Indiana,Allen,18003,2024,91174.129
Indiana,Bartholomew,18005,2024,80969.37
Indiana,Benton,18007,2024,110099.595
Indiana,Blackford,18009,2024,37147.39
Indiana,Boone,18011,2024,122990.48999999999
Indiana,Brown,18013,2024,1482.31
Indiana,Carroll,18015,2024,85531.82500000001
Indiana,Cass,18017,2024,75888.31
Indiana,Clark,18019,2024,33998.020000000004
Indiana,Clay,18021,2024,74243.96
Indiana,Clinton,18023,2024,104800.51000000001
Indiana,Crawford,18025,2024,5571.13
Indiana,Daviess,18027,2024,67382.27
Indiana,DeKalb,18033,2024,74295.06
Indiana,Dearborn,18029,2024,11365.3
Indiana,Decatur,18031,2024,81288.34000000001
Indiana,Delaware,18035,2024,83485.70000000001
Indiana,Dubois,18037,2024,56078.97
Indiana,Elkhart,18039,2024,40951.85
Indiana,Fayette,18041,2024,34705.32
Indiana,Floyd,18043,2024,3737.75
Indiana,Fountain,18045,2024,102478.78
Indiana,Franklin,18047,2024,43262.84
Indiana,Fulton,18049,2024,67203.08
Indiana,Gibson,18051,2024,100099.46
Indiana,Grant,18053,2024,108890.86
Indiana,Greene,18055,2024,49420.67
Indiana,Hamilton,18057,2024,42862.08
Indiana,Hancock,18059,2024,86889.71
Indiana,Harrison,18061,2024,35271.39
Indiana,Hendricks,18063,2024,46622.94
Indiana,Henry,18065,2024,86655.52
Indiana,Howard,18067,2024,72695.686
Indiana,Huntington,18069,2024,95498.15000000001
Indiana,Jackson,18071,2024,78403.57
Indiana,Jasper,18073,2024,93066.245
Indiana,Jay,18075,2024,98902.58
Indiana,Jefferson,18077,2024,45703.54
Indiana,Jennings,18079,2024,57105.64
Indiana,Johnson,18081,2024,54689.33
Indiana,Knox,18083,2024,128361.95
Indiana,Kosciusko,18085,2024,86750.48999999999
Indiana,LaGrange,18087,2024,34572.33
Indiana,LaPorte,18091,2024,93659.24
Indiana,Lake,18089,2024,39296.08
Indiana,Lawrence,18093,2024,28129.26
Indiana,Madison,18095,2024,96407.11
Indiana,Marion,18097,2024,5228.96
Indiana,Marshall,18099,2024,64604.009999999995
Indiana,Martin,18101,2024,15651.64
Indiana,Miami,18103,2024,83676.85
Indiana,Monroe,18105,2024,7509.75
Indiana,Montgomery,18107,2024,113832.74
Indiana,Morgan,18109,2024,34003.36
Indiana,Newton,18111,2024,88849.055
Indiana,Noble,18113,2024,58567.950000000004
Indiana,Ohio,18115,2024,3648.57
Indiana,Orange,18117,2024,26198.2
Indiana,Owen,18119,2024,19810.58
Indiana,Parke,18121,2024,60731.37
Indiana,Perry,18123,2024,15510.300000000001
Indiana,Pike,18125,2024,38907.3
Indiana,Porter,18127,2024,57928.884
Indiana,Posey,18129,2024,92033.31999999999
Indiana,Pulaski,18131,2024,76788.73
Indiana,Putnam,18133,2024,75379.58499999999
Indiana,Randolph,18135,2024,108803.27
Indiana,Ripley,18137,2024,65373.774
Indiana,Rush,18139,2024,102723.34
Indiana,Scott,18143,2024,23869.85
Indiana,Shelby,18145,2024,88048.635
Indiana,Spencer,18147,2024,68702.09
Indiana,St. Joseph,18141,2024,43605.76
Indiana,Starke,18149,2024,39118.4
Indiana,Steuben,18151,2024,38938.43
Indiana,Sullivan,18153,2024,73564.58
Indiana,Switzerland,18155,2024,10031.14
Indiana,Tippecanoe,18157,2024,87614.58
Indiana,Tipton,18159,2024,75668.59
Indiana,Union,18161,2024,32916.66
Indiana,Vanderburgh,18163,2024,38901.13
Indiana,Vermillion,18165,2024,21733.019999999997
Indiana,Vigo,18167,2024,56539.19
Indiana,Wabash,18169,2024,85687.66
Indiana,Warren,18171,2024,78637.78000000001
Indiana,Warrick,18173,2024,53557.95
Indiana,Washington,18175,2024,53739.66
Indiana,Wayne,18177,2024,69547.23
Indiana,Wells,18179,2024,110764.46
Indiana,White,18181,2024,108945.313
Indiana,Whitley,18183,2024,68358.20000000001
Iowa,Adair,19001,2024,112365.78
Iowa,Adams,19003,2024,73492.84
Iowa,Allamakee,19005,2024,35248.69
Iowa,Appanoose,19007,2024,25782.56
Iowa,Audubon,19009,2024,96741.18000000001
Iowa,Benton,19011,2024,158213.14
Iowa,Black Hawk,19013,2024,94967.34999999999
Iowa,Boone,19015,2024,109189.02
Iowa,Bremer,19017,2024,75493.44
Iowa,Buchanan,19019,2024,84226.45000000001
Iowa,Buena Vista,19021,2024,146794.03000000003
Iowa,Butler,19023,2024,105247.57999999999
Iowa,Calhoun,19025,2024,134300.385
Iowa,Carroll,19027,2024,123370.31999999999
Iowa,Cass,19029,2024,121695.26
Iowa,Cedar,19031,2024,120485.49
Iowa,Cerro Gordo,19033,2024,106120.20000000001
Iowa,Cherokee,19035,2024,131698.35
Iowa,Chickasaw,19037,2024,87282.3
Iowa,Clarke,19039,2024,45734.950000000004
Iowa,Clay,19041,2024,125768.53499999999
Iowa,Clayton,19043,2024,64650.170000000006
Iowa,Clinton,19045,2024,125996.95
Iowa,Crawford,19047,2024,148891.84999999998
Iowa,Dallas,19049,2024,102144.05
Iowa,Davis,19051,2024,60516.65
Iowa,Decatur,19053,2024,30255.54
Iowa,Delaware,19055,2024,64791.63
Iowa,Des Moines,19057,2024,65548.54000000001
Iowa,Dickinson,19059,2024,78061.91
Iowa,Dubuque,19061,2024,41391.17
Iowa,East Pottawattamie,19155,2024,108445.62000000001
Iowa,Emmet,19063,2024,94032.11
Iowa,Fayette,19065,2024,115332.21
Iowa,Floyd,19067,2024,95173.12999999999
Iowa,Franklin,19069,2024,115044.48000000001
Iowa,Fremont,19071,2024,107218.56000000001
Iowa,Greene,19073,2024,135009.38
Iowa,Grundy,19075,2024,132633.245
Iowa,Guthrie,19077,2024,90062.48999999999
Iowa,Hamilton,19079,2024,121771.65
Iowa,Hancock,19081,2024,122432.84999999999
Iowa,Hardin,19083,2024,104359.68999999999
Iowa,Harrison,19085,2024,128672.13
Iowa,Henry,19087,2024,75410.7
Iowa,Howard,19089,2024,82398.88
Iowa,Humboldt,19091,2024,106738.19
Iowa,Ida,19093,2024,98905.72
Iowa,Iowa,19095,2024,101200.47
Iowa,Jackson,19097,2024,57904.09
Iowa,Jasper,19099,2024,141826.3
Iowa,Jefferson,19101,2024,68286.62000000001
Iowa,Johnson,19103,2024,90438.98999999999
Iowa,Jones,19105,2024,80731.18
Iowa,Keokuk,19107,2024,104944.07999999999
Iowa,Kossuth,19109,2024,218977.146
Iowa,Lee,19111,2024,69184.47
Iowa,Linn,19113,2024,106772.51999999999
Iowa,Louisa,19115,2024,67864.68
Iowa,Lucas,19117,2024,37777.63
Iowa,Lyon,19119,2024,121614.93
Iowa,Madison,19121,2024,70422.52
Iowa,Mahaska,19123,2024,107982.31
Iowa,Marion,19125,2024,73594.05
Iowa,Marshall,19127,2024,114608.76999999999
Iowa,Mills,19129,2024,92665.53000000001
Iowa,Mitchell,19131,2024,85483.5
Iowa,Monona,19133,2024,137576.12000000002
Iowa,Monroe,19135,2024,26935.0
Iowa,Montgomery,19137,2024,88005.01
Iowa,Muscatine,19139,2024,74921.63
Iowa,O&#39;Brien,19141,2024,141061.61
Iowa,Osceola,19143,2024,101593.27
Iowa,Page,19145,2024,108260.62
Iowa,Palo Alto,19147,2024,117131.71999999999
Iowa,Plymouth,19149,2024,194347.33
Iowa,Pocahontas,19151,2024,144508.61500000002
Iowa,Polk,19153,2024,63846.53
Iowa,Poweshiek,19157,2024,124459.2
Iowa,Ringgold,19159,2024,79355.53
Iowa,Sac,19161,2024,132682.42
Iowa,Scott,19163,2024,69073.06
Iowa,Shelby,19165,2024,141209.99
Iowa,Sioux,19167,2024,162496.71000000002
Iowa,Story,19169,2024,116241.43999999999
Iowa,Tama,19171,2024,139919.48
Iowa,Taylor,19173,2024,82720.1
Iowa,Union,19175,2024,26945.75
Iowa,Van Buren,19177,2024,50076.979999999996
Iowa,Wapello,19179,2024,56267.06
Iowa,Warren,19181,2024,62279.22
Iowa,Washington,19183,2024,96763.98
Iowa,Wayne,19185,2024,79094.01
Iowa,Webster,19187,2024,156140.41
Iowa,West Pottawattamie,19156,2024,85711.70000000001
Iowa,Winnebago,19189,2024,92847.16
Iowa,Winneshiek,19191,2024,71862.19
Iowa,Woodbury,19193,2024,169896.71
Iowa,Worth,19195,2024,90507.76
Iowa,Wright,19197,2024,140387.82
Kansas,Allen,20001,2024,80567.74
Kansas,Anderson,20003,2024,81913.76
Kansas,Atchison,20005,2024,73786.2
Kansas,Barber,20007,2024,11558.91
Kansas,Barton,20009,2024,32866.7
Kansas,Bourbon,20011,2024,37364.52
Kansas,Brown,20013,2024,117947.03
Kansas,Butler,20015,2024,90587.86
Kansas,Chase,20017,2024,23929.67
Kansas,Chautauqua,20019,2024,6037.04
Kansas,Cherokee,20021,2024,95931.04000000001
Kansas,Cheyenne,20023,2024,3953.52
Kansas,Clark,20025,2024,824.76
Kansas,Clay,20027,2024,116032.56
Kansas,Cloud,20029,2024,90247.2
Kansas,Coffey,20031,2024,91006.91
Kansas,Cowley,20035,2024,89749.08
Kansas,Crawford,20037,2024,87387.55
Kansas,Decatur,20039,2024,1773.81
Kansas,Dickinson,20041,2024,129874.27
Kansas,Doniphan,20043,2024,68696.38
Kansas,Douglas,20045,2024,42592.15
Kansas,Edwards,20047,2024,14990.52
Kansas,Elk,20049,2024,4020.94
Kansas,Ellis,20051,2024,345.95
Kansas,Ellsworth,20053,2024,19992.010000000002
Kansas,Finney,20055,2024,3898.31
Kansas,Ford,20057,2024,9179.37
Kansas,Franklin,20059,2024,79482.42
Kansas,Geary,20061,2024,9849.64
Kansas,Gove,20063,2024,534.0
Kansas,Graham,20065,2024,2500.39
Kansas,Grant,20067,2024,45.0
Kansas,Gray,20069,2024,8596.03
Kansas,Greenwood,20073,2024,31373.49
Kansas,Harper,20077,2024,27028.68
Kansas,Harvey,20079,2024,113410.37
Kansas,Haskell,20081,2024,2967.5800000000004
Kansas,Hodgeman,20083,2024,936.03
Kansas,Jackson,20085,2024,46911.119999999995
Kansas,Jefferson,20087,2024,48561.09
Kansas,Jewell,20089,2024,105012.76000000001
Kansas,Johnson,20091,2024,25859.63
Kansas,Kearny,20093,2024,235.07
Kansas,Kingman,20095,2024,24142.660000000003
Kansas,Kiowa,20097,2024,11185.08
Kansas,Labette,20099,2024,68194.64
Kansas,Lane,20101,2024,434.0
Kansas,Leavenworth,20103,2024,30108.48
Kansas,Lincoln,20105,2024,39038.24
Kansas,Linn,20107,2024,70938.23
Kansas,Logan,20109,2024,376.19000000000005
Kansas,Lyon,20111,2024,82247.55000000002
Kansas,Marion,20115,2024,106622.93999999999
Kansas,Marshall,20117,2024,155909.43000000002
Kansas,McPherson,20113,2024,101238.5
Kansas,Meade,20119,2024,18775.39
Kansas,Miami,20121,2024,55228.92
Kansas,Mitchell,20123,2024,76999.94
Kansas,Montgomery,20125,2024,84471.43000000001
Kansas,Morris,20127,2024,47501.29
Kansas,Morton,20129,2024,895.69
Kansas,Nemaha,20131,2024,132716.35
Kansas,Neosho,20133,2024,59089.81
Kansas,Ness,20135,2024,144.86
Kansas,Norton,20137,2024,15360.34
Kansas,Osage,20139,2024,79984.11
Kansas,Osborne,20141,2024,46098.82
Kansas,Ottawa,20143,2024,56821.48
Kansas,Pawnee,20145,2024,14082.29
Kansas,Phillips,20147,2024,25840.88
Kansas,Pottawatomie,20149,2024,46064.515
Kansas,Pratt,20151,2024,29818.699999999997
Kansas,Rawlins,20153,2024,1492.0900000000001
Kansas,Reno,20155,2024,68282.09
Kansas,Republic,20157,2024,107225.3
Kansas,Rice,20159,2024,51435.39
Kansas,Riley,20161,2024,32215.25
Kansas,Rooks,20163,2024,16348.54
Kansas,Rush,20165,2024,3891.99
Kansas,Russell,20167,2024,6222.78
Kansas,Saline,20169,2024,76364.43000000001
Kansas,Scott,20171,2024,118.0
Kansas,Sedgwick,20173,2024,107942.91
Kansas,Seward,20175,2024,6836.65
Kansas,Shawnee,20177,2024,38948.26
Kansas,Sheridan,20179,2024,6891.0599999999995
Kansas,Sherman,20181,2024,4731.59
Kansas,Smith,20183,2024,80181.70999999999
Kansas,Stafford,20185,2024,18559.32
Kansas,Stevens,20189,2024,6034.85
Kansas,Sumner,20191,2024,183035.9
Kansas,Thomas,20193,2024,9646.84
Kansas,Trego,20195,2024,139.87
Kansas,Wabaunsee,20197,2024,19008.37
Kansas,Washington,20201,2024,133235.47999999998
Kansas,Wichita,20203,2024,60.0
Kansas,Wilson,20205,2024,74468.86
Kansas,Woodson,20207,2024,23170.47
Kansas,Wyandotte,20209,2024,3528.56
Kentucky,Adair,21001,2024,16678.31
Kentucky,Allen,21003,2024,11900.41
Kentucky,Anderson,21005,2024,1358.09
Kentucky,Ballard,21007,2024,48403.28
Kentucky,Barren,21009,2024,31928.555
Kentucky,Bath,21011,2024,6252.86
Kentucky,Boone,21015,2024,1620.03
Kentucky,Bourbon,21017,2024,13351.269999999999
Kentucky,Boyle,21021,2024,5775.5
Kentucky,Bracken,21023,2024,1675.44
Kentucky,Breathitt,21025,2024,342.32
Kentucky,Breckinridge,21027,2024,39436.88
Kentucky,Bullitt,21029,2024,4982.18
Kentucky,Butler,21031,2024,29768.86
Kentucky,Caldwell,21033,2024,48302.729999999996
Kentucky,Calloway,21035,2024,47719.17999999999
Kentucky,Campbell,21037,2024,310.97
Kentucky,Carlisle,21039,2024,39099.7
Kentucky,Carroll,21041,2024,2287.57
Kentucky,Carter,21043,2024,599.85
Kentucky,Casey,21045,2024,8763.81
Kentucky,Christian,21047,2024,87536.54
Kentucky,Clark,21049,2024,5840.82
Kentucky,Clay,21051,2024,622.12
Kentucky,Clinton,21053,2024,3125.23
Kentucky,Crittenden,21055,2024,23615.879999999997
Kentucky,Cumberland,21057,2024,3715.9
Kentucky,Daviess,21059,2024,92402.985
Kentucky,Edmonson,21061,2024,12811.52
Kentucky,Estill,21065,2024,1274.44
Kentucky,Fayette,21067,2024,5867.66
Kentucky,Fleming,21069,2024,14003.14
Kentucky,Franklin,21073,2024,2127.93
Kentucky,Fulton,21075,2024,52676.21
Kentucky,Gallatin,21077,2024,1645.53
Kentucky,Garrard,21079,2024,3013.0
Kentucky,Grant,21081,2024,329.48
Kentucky,Graves,21083,2024,105891.72
Kentucky,Grayson,21085,2024,30063.26
Kentucky,Green,21087,2024,14181.79
Kentucky,Greenup,21089,2024,2912.22
Kentucky,Hancock,21091,2024,17740.940000000002
Kentucky,Hardin,21093,2024,40444.36
Kentucky,Harrison,21097,2024,6984.66
Kentucky,Hart,21099,2024,17857.5
Kentucky,Henderson,21101,2024,89911.65
Kentucky,Henry,21103,2024,12493.684
Kentucky,Hickman,21105,2024,50502.39
Kentucky,Hopkins,21107,2024,51697.27
Kentucky,Jackson,21109,2024,92.57
Kentucky,Jefferson,21111,2024,1771.42
Kentucky,Jessamine,21113,2024,3512.6
Kentucky,Kenton,21117,2024,100.6
Kentucky,Knox,21121,2024,63.08
Kentucky,Larue,21123,2024,33541.49
Kentucky,Laurel,21125,2024,78.54
Kentucky,Lewis,21135,2024,10332.5
Kentucky,Lincoln,21137,2024,13324.053
Kentucky,Livingston,21139,2024,24599.41
Kentucky,Logan,21141,2024,81806.95
Kentucky,Lyon,21143,2024,9759.21
Kentucky,Madison,21151,2024,1748.93
Kentucky,Marion,21155,2024,22090.25
Kentucky,Marshall,21157,2024,22638.52
Kentucky,Mason,21161,2024,13062.846
Kentucky,McCracken,21145,2024,20885.86
Kentucky,McCreary,21147,2024,38.87
Kentucky,McLean,21149,2024,57550.36
Kentucky,Meade,21163,2024,23585.92
Kentucky,Menifee,21165,2024,89.0
Kentucky,Mercer,21167,2024,8358.02
Kentucky,Metcalfe,21169,2024,6664.21
Kentucky,Monroe,21171,2024,8321.73
Kentucky,Montgomery,21173,2024,3046.36
Kentucky,Muhlenberg,21177,2024,26935.27
Kentucky,Nelson,21179,2024,28106.62
Kentucky,Nicholas,21181,2024,2073.7
Kentucky,Ohio,21183,2024,43768.07
Kentucky,Oldham,21185,2024,4069.97
Kentucky,Owen,21187,2024,2246.02
Kentucky,Pendleton,21191,2024,2432.2599999999998
Kentucky,Powell,21197,2024,1230.63
Kentucky,Pulaski,21199,2024,19588.331
Kentucky,Robertson,21201,2024,413.59
Kentucky,Rockcastle,21203,2024,3833.4
Kentucky,Rowan,21205,2024,1677.24
Kentucky,Russell,21207,2024,9393.75
Kentucky,Scott,21209,2024,3706.93
Kentucky,Shelby,21211,2024,28513.7
Kentucky,Simpson,21213,2024,42127.68
Kentucky,Spencer,21215,2024,7670.52
Kentucky,Taylor,21217,2024,16536.98
Kentucky,Todd,21219,2024,52806.21
Kentucky,Trigg,21221,2024,23427.79
Kentucky,Trimble,21223,2024,4664.06
Kentucky,Union,21225,2024,68076.37
Kentucky,Warren,21227,2024,44819.09
Kentucky,Washington,21229,2024,8677.5
Kentucky,Wayne,21231,2024,10565.45
Kentucky,Webster,21233,2024,48615.12
Kentucky,Whitley,21235,2024,158.27
Kentucky,Woodford,21239,2024,4592.02
Louisiana,Acadia,22001,2024,12430.27
Louisiana,Allen,22003,2024,312.79
Louisiana,Ascension,22005,2024,2906.53
Louisiana,Assumption,22007,2024,1644.21
Louisiana,Avoyelles,22009,2024,54239.61
Louisiana,Beauregard,22011,2024,1519.56
Louisiana,Bossier,22015,2024,5145.47
Louisiana,Caddo,22017,2024,11672.95
Louisiana,Calcasieu,22019,2024,341.76
Louisiana,Caldwell,22021,2024,5798.620000000001
Louisiana,Cameron,22023,2024,426.27
Louisiana,Catahoula,22025,2024,74760.79000000001
Louisiana,Concordia,22029,2024,116589.62000000001
Louisiana,De Soto,22031,2024,0.0
Louisiana,East Baton Rouge,22033,2024,472.39
Louisiana,East Carroll,22035,2024,123871.59000000001
Louisiana,East Feliciana,22037,2024,1724.06
Louisiana,Evangeline,22039,2024,12161.51
Louisiana,Franklin,22041,2024,85533.12000000001
Louisiana,Grant,22043,2024,5390.150000000001
Louisiana,Iberia,22045,2024,1755.41
Louisiana,Iberville,22047,2024,9283.01
Louisiana,Jefferson Davis,22053,2024,5123.87
Louisiana,La Salle,22059,2024,1012.59
Louisiana,Lafayette,22055,2024,1366.87
Louisiana,Lafourche,22057,2024,1610.53
Louisiana,Madison,22065,2024,123114.02
Louisiana,Morehouse,22067,2024,83512.03
Louisiana,Natchitoches,22069,2024,20402.43
Louisiana,Ouachita,22073,2024,8091.55
Louisiana,Pointe Coupee,22077,2024,41536.14
Louisiana,Rapides,22079,2024,28367.19
Louisiana,Red River,22081,2024,4126.27
Louisiana,Richland,22083,2024,49298.87
Louisiana,St. Charles,22089,2024,370.88
Louisiana,St. James,22093,2024,5228.1
Louisiana,St. John the Baptist,22095,2024,768.23
Louisiana,St. Landry,22097,2024,62667.88
Louisiana,St. Martin,22099,2024,3051.32
Louisiana,St. Mary,22101,2024,2205.17
Louisiana,Tangipahoa,22105,2024,1376.2
Louisiana,Tensas,22107,2024,66360.36
Louisiana,Terrebonne,22109,2024,84.77
Louisiana,Vermilion,22113,2024,3042.06
Louisiana,Washington,22117,2024,2453.05
Louisiana,West Baton Rouge,22121,2024,4117.38
Louisiana,West Carroll,22123,2024,45507.61
Louisiana,West Feliciana,22125,2024,1553.72
Louisiana,Winn,22127,2024,223.41
Maine,Aroostook,23003,2024,360.78
Maine,Franklin,23007,2024,95.69
Maine,Houlton,23002,2024,408.7
Maine,Kennebec,23011,2024,15.25
Maine,Somerset,23025,2024,16.02
Maryland,Allegany,24001,2024,682.24
Maryland,Anne Arundel,24003,2024,4551.47
Maryland,Baltimore,24005,2024,13602.17
Maryland,Calvert,24009,2024,2679.91
Maryland,Caroline,24011,2024,44728.72
Maryland,Carroll,24013,2024,27891.98
Maryland,Cecil,24015,2024,18521.09
Maryland,Charles,24017,2024,10651.41
Maryland,Dorchester,24019,2024,43859.85
Maryland,Frederick,24021,2024,36680.4
Maryland,Garrett,24023,2024,1838.71
Maryland,Harford,24025,2024,14500.37
Maryland,Howard,24027,2024,3969.62
Maryland,Kent,24029,2024,45329.03
Maryland,Montgomery,24031,2024,15339.79
Maryland,Prince George&#39;s,24033,2024,3037.61
Maryland,Queen Anne&#39;s,24035,2024,54193.600000000006
Maryland,Somerset,24039,2024,17620.19
Maryland,St. Mary&#39;s,24037,2024,15152.01
Maryland,Talbot,24041,2024,41804.36
Maryland,Washington,24043,2024,14561.37
Maryland,Wicomico,24045,2024,20369.310000000005
Maryland,Worcester,24047,2024,34471.22
Massachusetts,Berkshire,25003,2024,87.05
Massachusetts,Hampden,25013,2024,338.92999999999995
Massachusetts,Hampshire,25015,2024,89.06
Massachusetts,Plymouth,25023,2024,0.05
Massachusetts,Worcester,25027,2024,181.74
Michigan,Alcona,26001,2024,2169.53
Michigan,Alger,26003,2024,45.34
Michigan,Allegan,26005,2024,42267.51
Michigan,Alpena,26007,2024,12263.63
Michigan,Antrim,26009,2024,414.79
Michigan,Arenac,26011,2024,24991.38
Michigan,Baraga,26013,2024,91.39
Michigan,Barry,26015,2024,34569.53
Michigan,Bay,26017,2024,55347.950000000004
Michigan,Berrien,26021,2024,42902.348
Michigan,Branch,26023,2024,71141.12
Michigan,Calhoun,26025,2024,75737.87000000001
Michigan,Cass,26027,2024,53559.22
Michigan,Charlevoix,26029,2024,48.19
Michigan,Cheboygan,26031,2024,348.31
Michigan,Chippewa,26033,2024,125.52
Michigan,Clare,26035,2024,5169.96
Michigan,Clinton,26037,2024,70696.65
Michigan,Delta,26041,2024,688.49
Michigan,Dickinson,26043,2024,48.61
Michigan,Eaton,26045,2024,78783.76
Michigan,Emmet,26047,2024,102.71
Michigan,Genesee,26049,2024,46416.85999999999
Michigan,Gladwin,26051,2024,10726.3
Michigan,Grand Traverse,26055,2024,1168.3
Michigan,Gratiot,26057,2024,81502.51999999999
Michigan,Hillsdale,26059,2024,81940.06000000001
Michigan,Houghton,26061,2024,59.62
Michigan,Huron,26063,2024,50719.81
Michigan,Ingham,26065,2024,50534.590000000004
Michigan,Ionia,26067,2024,62097.24
Michigan,Iosco,26069,2024,6045.16
Michigan,Iron,26071,2024,54.31
Michigan,Isabella,26073,2024,58222.60999999999
Michigan,Jackson,26075,2024,41372.93
Michigan,Kalamazoo,26077,2024,24824.61
Michigan,Kalkaska,26079,2024,84.49
Michigan,Kent,26081,2024,22650.350000000002
Michigan,Lake,26085,2024,358.27
Michigan,Lapeer,26087,2024,43412.46
Michigan,Leelanau,26089,2024,3.11
Michigan,Lenawee,26091,2024,130684.22
Michigan,Livingston,26093,2024,17672.45
Michigan,Mackinac,26097,2024,9.08
Michigan,Macomb,26099,2024,21527.77
Michigan,Manistee,26101,2024,55.42
Michigan,Mason,26105,2024,9378.14
Michigan,Mecosta,26107,2024,8194.32
Michigan,Menominee,26109,2024,4053.18
Michigan,Midland,26111,2024,24769.0
Michigan,Missaukee,26113,2024,19.42
Michigan,Monroe,26115,2024,81108.77
Michigan,Montcalm,26117,2024,30727.79
Michigan,Montmorency,26119,2024,4413.91
Michigan,Muskegon,26121,2024,6302.299999999999
Michigan,Newaygo,26123,2024,7198.37
Michigan,Oakland,26125,2024,2388.06
Michigan,Oceana,26127,2024,5504.63
Michigan,Ogemaw,26129,2024,6590.34
Michigan,Osceola,26133,2024,431.77
Michigan,Otsego,26137,2024,1026.18
Michigan,Ottawa,26139,2024,20661.91
Michigan,Presque Isle,26141,2024,8557.99
Michigan,Saginaw,26145,2024,120416.72
Michigan,Sanilac,26151,2024,129239.73000000001
Michigan,Schoolcraft,26153,2024,311.64
Michigan,Shiawassee,26155,2024,99248.62000000001
Michigan,St. Clair,26147,2024,59002.73
Michigan,St. Joseph,26149,2024,52252.29
Michigan,Tuscola,26157,2024,67430.76000000001
Michigan,Van Buren,26159,2024,20382.06
Michigan,Washtenaw,26161,2024,47273.28
Michigan,Wayne,26163,2024,2338.8
Michigan,Wexford,26165,2024,540.86
Minnesota,Aitkin,27001,2024,5818.38
Minnesota,Anoka,27003,2024,3567.18
Minnesota,Becker,27005,2024,68843.36
Minnesota,Beltrami,27007,2024,28338.100000000002
Minnesota,Benton,27009,2024,32489.440000000002
Minnesota,Big Stone,27011,2024,98965.23000000001
Minnesota,Blue Earth,27013,2024,170455.331
Minnesota,Brown,27015,2024,137444.355
Minnesota,Carlton,27017,2024,20.0
Minnesota,Carver,27019,2024,45454.94
Minnesota,Cass,27021,2024,2439.69
Minnesota,Chippewa,27023,2024,94823.27
Minnesota,Chisago,27025,2024,20641.43
Minnesota,Clay,27027,2024,159559.575
Minnesota,Clearwater,27029,2024,23937.68
Minnesota,Cottonwood,27033,2024,165169.42
Minnesota,Crow Wing,27035,2024,3800.29
Minnesota,Dakota,27037,2024,47528.740000000005
Minnesota,Dodge,27039,2024,84923.72
Minnesota,Douglas,27041,2024,64264.45
Minnesota,East Otter Tail,27111,2024,42629.505000000005
Minnesota,East Polk,27119,2024,100706.45999999999
Minnesota,Faribault,27043,2024,175352.47
Minnesota,Fillmore,27045,2024,96625.97
Minnesota,Freeborn,27047,2024,147415.345
Minnesota,Goodhue,27049,2024,93636.07
Minnesota,Grant,27051,2024,93577.5
Minnesota,Hennepin,27053,2024,6803.18
Minnesota,Houston,27055,2024,35127.555
Minnesota,Hubbard,27057,2024,3405.0299999999997
Minnesota,Isanti,27059,2024,21789.670000000002
Minnesota,Itasca,27061,2024,2817.29
Minnesota,Jackson,27063,2024,153526.265
Minnesota,Kanabec,27065,2024,13117.74
Minnesota,Kandiyohi,27067,2024,108670.209
Minnesota,Kittson,27069,2024,123091.90000000001
Minnesota,Koochiching,27071,2024,4303.79
Minnesota,Lac qui Parle,27073,2024,164696.86000000002
Minnesota,Lake of the Woods,27077,2024,15829.390000000001
Minnesota,Le Sueur,27079,2024,108270.9
Minnesota,Lincoln,27081,2024,98471.15
Minnesota,Lyon,27083,2024,154146.14
Minnesota,Mahnomen,27087,2024,44414.91
Minnesota,Marshall,27089,2024,241538.8
Minnesota,Martin,27091,2024,171224.41999999998
Minnesota,McLeod,27085,2024,85335.24
Minnesota,Meeker,27093,2024,86900.71
Minnesota,Mille Lacs,27095,2024,14144.609999999999
Minnesota,Morrison,27097,2024,34760.96
Minnesota,Mower,27099,2024,151898.69
Minnesota,Murray,27101,2024,170552.33
Minnesota,Nicollet,27103,2024,73194.14000000001
Minnesota,Nobles,27105,2024,169602.04
Minnesota,Norman,27107,2024,169184.62999999998
Minnesota,North St. Louis,27137,2024,45.43
Minnesota,Olmsted,27109,2024,77374.77
Minnesota,Pennington,27113,2024,98021.99
Minnesota,Pine,27115,2024,15368.95
Minnesota,Pipestone,27117,2024,83832.93000000001
Minnesota,Pope,27121,2024,82660.68
Minnesota,Red Lake,27125,2024,70605.70999999999
Minnesota,Redwood,27127,2024,206715.41
Minnesota,Renville,27129,2024,213578.64
Minnesota,Rice,27131,2024,64119.32
Minnesota,Rock,27133,2024,115258.84
Minnesota,Roseau,27135,2024,167661.01
Minnesota,Scott,27139,2024,11145.16
Minnesota,Sherburne,27141,2024,20624.67
Minnesota,Sibley,27143,2024,109119.25
Minnesota,Stearns,27145,2024,100896.04000000001
Minnesota,Steele,27147,2024,87587.375
Minnesota,Stevens,27149,2024,98048.4
Minnesota,Swift,27151,2024,106694.81
Minnesota,Todd,27153,2024,53713.16
Minnesota,Traverse,27155,2024,125260.70999999999
Minnesota,Wabasha,27157,2024,39988.979999999996
Minnesota,Wadena,27159,2024,14436.24
Minnesota,Waseca,27161,2024,80213.24
Minnesota,Washington,27163,2024,10780.689999999999
Minnesota,Watonwan,27165,2024,105806.429
Minnesota,West Otter Tail,27112,2024,99938.35999999999
Minnesota,West Polk,27120,2024,186990.21000000002
Minnesota,Wilkin,27167,2024,151610.35
Minnesota,Winona,27169,2024,36635.64
Minnesota,Wright,27171,2024,69080.75
Minnesota,Yellow Medicine,27173,2024,163728.35
Mississippi,Adams,28001,2024,6828.43
Mississippi,Alcorn,28003,2024,18078.82
Mississippi,Amite,28005,2024,779.24
Mississippi,Attala,28007,2024,3028.95
Mississippi,Benton,28009,2024,10169.54
Mississippi,Bolivar,28011,2024,277078.29
Mississippi,Calhoun,28013,2024,26496.34
Mississippi,Carroll,28015,2024,8202.26
Mississippi,Chickasaw,28017,2024,41904.28
Mississippi,Choctaw,28019,2024,233.42999999999998
Mississippi,Claiborne,28021,2024,3549.92
Mississippi,Clarke,28023,2024,3011.05
Mississippi,Clay,28025,2024,10118.75
Mississippi,Coahoma,28027,2024,137682.47
Mississippi,Copiah,28029,2024,1579.41
Mississippi,Covington,28031,2024,4006.85
Mississippi,DeSoto,28033,2024,24633.74
Mississippi,Forrest,28035,2024,170.99
Mississippi,Franklin,28037,2024,481.23
Mississippi,George,28039,2024,552.49
Mississippi,Grenada,28043,2024,4569.43
Mississippi,Harrison,28047,2024,414.79
Mississippi,Hinds,28049,2024,9304.22
Mississippi,Holmes,28051,2024,37632.5
Mississippi,Humphreys,28053,2024,73337.73
Mississippi,Issaquena,28055,2024,58486.07
Mississippi,Itawamba,28057,2024,9059.11
Mississippi,Jasper,28061,2024,160.06
Mississippi,Jefferson,28063,2024,5256.25
Mississippi,Jefferson Davis,28065,2024,1195.48
Mississippi,Jones,28067,2024,648.64
Mississippi,Kemper,28069,2024,282.9
Mississippi,Lafayette,28071,2024,7337.38
Mississippi,Lamar,28073,2024,576.0899999999999
Mississippi,Lawrence,28077,2024,2378.37
Mississippi,Leake,28079,2024,2192.09
Mississippi,Lee,28081,2024,42811.55
Mississippi,Leflore,28083,2024,142375.08
Mississippi,Lincoln,28085,2024,590.92
Mississippi,Lowndes,28087,2024,11794.689999999999
Mississippi,Madison,28089,2024,10055.52
Mississippi,Marion,28091,2024,597.7
Mississippi,Marshall,28093,2024,29801.16
Mississippi,Monroe,28095,2024,34356.02
Mississippi,Montgomery,28097,2024,1440.96
Mississippi,Neshoba,28099,2024,30.47
Mississippi,Newton,28101,2024,3379.64
Mississippi,Noxubee,28103,2024,20653.64
Mississippi,Oktibbeha,28105,2024,1464.86
Mississippi,Panola,28107,2024,44953.229999999996
Mississippi,Pearl River,28109,2024,713.86
Mississippi,Perry,28111,2024,189.92
Mississippi,Pike,28113,2024,568.71
Mississippi,Pontotoc,28115,2024,24676.58
Mississippi,Prentiss,28117,2024,22295.7
Mississippi,Quitman,28119,2024,77615.6735
Mississippi,Rankin,28121,2024,5618.89
Mississippi,Scott,28123,2024,6929.85
Mississippi,Sharkey,28125,2024,89540.70999999999
Mississippi,Simpson,28127,2024,1052.93
Mississippi,Smith,28129,2024,569.18
Mississippi,Stone,28131,2024,21.34
Mississippi,Sunflower,28133,2024,252483.4
Mississippi,Tallahatchie,28135,2024,116496.56999999999
Mississippi,Tate,28137,2024,23022.780000000002
Mississippi,Tippah,28139,2024,15714.93
Mississippi,Tishomingo,28141,2024,3001.37
Mississippi,Tunica,28143,2024,100129.12
Mississippi,Union,28145,2024,25668.58
Mississippi,Walthall,28147,2024,1700.73
Mississippi,Warren,28149,2024,21239.65
Mississippi,Washington,28151,2024,275865.87
Mississippi,Webster,28155,2024,4087.31
Mississippi,Wilkinson,28157,2024,0.0
Mississippi,Winston,28159,2024,675.64
Mississippi,Yalobusha,28161,2024,5604.86
Mississippi,Yazoo,28163,2024,70644.84
Missouri,Adair,29001,2024,48871.55
Missouri,Andrew,29003,2024,69320.93
Missouri,Atchison,29005,2024,129812.31999999999
Missouri,Audrain,29007,2024,154055.77
Missouri,Barry,29009,2024,4678.32
Missouri,Barton,29011,2024,98864.24
Missouri,Bates,29013,2024,129626.73
Missouri,Benton,29015,2024,20331.600000000002
Missouri,Bollinger,29017,2024,31462.730000000003
Missouri,Boone,29019,2024,52960.490000000005
Missouri,Buchanan,29021,2024,58766.18
Missouri,Butler,29023,2024,105314.67
Missouri,Caldwell,29025,2024,57201.71
Missouri,Callaway,29027,2024,68294.96
Missouri,Camden,29029,2024,295.83
Missouri,Cape Girardeau,29031,2024,78628.44
Missouri,Carroll,29033,2024,132835.79
Missouri,Cass,29037,2024,67435.01000000001
Missouri,Cedar,29039,2024,10038.81
Missouri,Chariton,29041,2024,134162.7
Missouri,Christian,29043,2024,791.47
Missouri,Clark,29045,2024,67640.43
Missouri,Clay,29047,2024,18378.25
Missouri,Clinton,29049,2024,55559.22
Missouri,Cole,29051,2024,13085.5
Missouri,Cooper,29053,2024,72805.56
Missouri,Crawford,29055,2024,656.13
Missouri,Dade,29057,2024,41374.119999999995
Missouri,Dallas,29059,2024,554.48
Missouri,Daviess,29061,2024,87390.33
Missouri,DeKalb,29063,2024,61272.35
Missouri,Douglas,29067,2024,139.74
Missouri,Dunklin,29069,2024,79612.62
Missouri,Franklin,29071,2024,44118.81
Missouri,Gasconade,29073,2024,14571.76
Missouri,Gentry,29075,2024,59765.61
Missouri,Greene,29077,2024,5267.9
Missouri,Grundy,29079,2024,73261.3
Missouri,Harrison,29081,2024,87044.37999999999
Missouri,Henry,29083,2024,71325.17
Missouri,Hickory,29085,2024,3855.27
Missouri,Holt,29087,2024,104169.14
Missouri,Howard,29089,2024,50504.65
Missouri,Howell,29091,2024,814.41
Missouri,Iron,29093,2024,156.23
Missouri,Jackson,29095,2024,31696.18
Missouri,Jasper,29097,2024,57283.37
Missouri,Jefferson,29099,2024,4265.575
Missouri,Johnson,29101,2024,75981.63
Missouri,Knox,29103,2024,83443.44
Missouri,Laclede,29105,2024,1011.11
Missouri,Lafayette,29107,2024,112283.96
Missouri,Lawrence,29109,2024,17404.68
Missouri,Lewis,29111,2024,78026.73000000001
Missouri,Lincoln,29113,2024,83375.68999999999
Missouri,Linn,29115,2024,72111.64
Missouri,Livingston,29117,2024,113669.37
Missouri,Macon,29121,2024,105786.82
Missouri,Madison,29123,2024,1468.93
Missouri,Maries,29125,2024,2990.2
Missouri,Marion,29127,2024,75939.98
Missouri,McDonald,29119,2024,982.25
Missouri,Mercer,29129,2024,41275.66
Missouri,Miller,29131,2024,5909.87
Missouri,Mississippi,29133,2024,171563.22999999998
Missouri,Moniteau,29135,2024,35307.06
Missouri,Monroe,29137,2024,105809.91
Missouri,Montgomery,29139,2024,84742.15
Missouri,Morgan,29141,2024,11385.46
Missouri,New Madrid,29143,2024,194660.55000000002
Missouri,Newton,29145,2024,6685.78
Missouri,Nodaway,29147,2024,145941.31
Missouri,Osage,29151,2024,14221.19
Missouri,Pemiscot,29155,2024,166478.35
Missouri,Perry,29157,2024,56342.740000000005
Missouri,Pettis,29159,2024,106386.95000000001
Missouri,Phelps,29161,2024,809.8
Missouri,Pike,29163,2024,85387.55
Missouri,Platte,29165,2024,51519.24
Missouri,Polk,29167,2024,5386.5
Missouri,Pulaski,29169,2024,565.47
Missouri,Putnam,29171,2024,42245.95
Missouri,Ralls,29173,2024,85186.21
Missouri,Randolph,29175,2024,65564.76
Missouri,Ray,29177,2024,80169.61
Missouri,Ripley,29181,2024,7956.0199999999995
Missouri,Saline,29195,2024,146737.22
Missouri,Schuyler,29197,2024,23978.93
Missouri,Scotland,29199,2024,60859.6
Missouri,Scott,29201,2024,94355.24
Missouri,Shelby,29205,2024,104723.26000000001
Missouri,St. Charles,29183,2024,59664.002
Missouri,St. Clair,29185,2024,38206.77
Missouri,St. Francois,29187,2024,5398.13
Missouri,St. Louis,29189,2024,5304.36
Missouri,Ste. Genevieve,29193,2024,30258.21
Missouri,Stoddard,29207,2024,168909.47999999998
Missouri,Stone,29209,2024,370.72
Missouri,Sullivan,29211,2024,43949.06
Missouri,Texas,29215,2024,310.31
Missouri,Vernon,29217,2024,97469.40000000001
Missouri,Warren,29219,2024,4494.28
Missouri,Washington,29221,2024,617.23
Missouri,Wayne,29223,2024,1984.8899999999999
Missouri,Webster,29225,2024,864.13
Missouri,Worth,29227,2024,29001.72
Missouri,Wright,29229,2024,219.22
Montana,Big Horn,30003,2024,286.32
Montana,Carbon,30009,2024,185.44
Montana,Custer,30017,2024,322.72
Montana,Daniels,30019,2024,1079.31
Montana,Dawson,30021,2024,2315.14
Montana,Flathead,30029,2024,3.31
Montana,Liberty,30051,2024,258.58
Montana,McCone,30055,2024,226.26
Montana,Prairie,30079,2024,532.6899999999999
Montana,Richland,30083,2024,8309.9
Montana,Roosevelt,30085,2024,3154.94
Montana,Rosebud,30087,2024,1242.2
Montana,Sheridan,30091,2024,1979.6100000000001
Montana,Treasure,30103,2024,439.6
Montana,Valley,30105,2024,659.21
Montana,Wibaux,30109,2024,435.1
Montana,Yellowstone,30111,2024,58.81
Nebraska,Adams,31001,2024,95243.35
Nebraska,Antelope,31003,2024,123364.89
Nebraska,Boone,31011,2024,122589.17000000001
Nebraska,Box Butte,31013,2024,1144.84
Nebraska,Boyd,31015,2024,22068.31
Nebraska,Brown,31017,2024,14272.8
Nebraska,Buffalo,31019,2024,82037.25
Nebraska,Burt,31021,2024,110090.8
Nebraska,Butler,31023,2024,118286.72
Nebraska,Cass,31025,2024,135406.72
Nebraska,Cedar,31027,2024,127610.03
Nebraska,Chase,31029,2024,14638.13
Nebraska,Cherry,31031,2024,7582.45
Nebraska,Cheyenne,31033,2024,3335.92
Nebraska,Clay,31035,2024,86251.284
Nebraska,Colfax,31037,2024,75316.81999999999
Nebraska,Cuming,31039,2024,134161.28
Nebraska,Custer,31041,2024,71986.08
Nebraska,Dakota,31043,2024,38098.29
Nebraska,"Dawes, North Sioux",31045,2024,0.0
Nebraska,Dawson,31047,2024,61546.94
Nebraska,Dixon,31051,2024,97147.2
Nebraska,Dodge,31053,2024,117723.45
Nebraska,Douglas,31055,2024,12114.66
Nebraska,Dundy,31057,2024,3704.14
Nebraska,Fillmore,31059,2024,120276.1
Nebraska,Franklin,31061,2024,54155.21000000001
Nebraska,Frontier,31063,2024,8383.81
Nebraska,Furnas,31065,2024,40026.53
Nebraska,Gage,31067,2024,173369.74
Nebraska,Garden,31069,2024,510.22
Nebraska,Garfield,31071,2024,2173.08
Nebraska,Gosper,31073,2024,28852.22
Nebraska,Greeley,31077,2024,28018.04
Nebraska,Hall,31079,2024,37264.399999999994
Nebraska,Hamilton,31081,2024,83447.17
Nebraska,Harlan,31083,2024,44072.12
Nebraska,Hayes,31085,2024,7950.68
Nebraska,Hitchcock,31087,2024,1009.03
Nebraska,Holt,31089,2024,89477.11
Nebraska,Howard,31093,2024,54117.68
Nebraska,Jefferson,31095,2024,100989.23999999999
Nebraska,Johnson,31097,2024,56624.19
Nebraska,Kearney,31099,2024,82676.28
Nebraska,Keith,31101,2024,23031.74
Nebraska,Keya Paha,31103,2024,4716.05
Nebraska,Kimball,31105,2024,653.0
Nebraska,Knox,31107,2024,93504.1
Nebraska,Lancaster,31109,2024,129340.2
Nebraska,Lincoln,31111,2024,60411.12
Nebraska,Logan,31113,2024,8218.46
Nebraska,Loup,31115,2024,1863.1399999999999
Nebraska,Madison,31119,2024,117430.04000000001
Nebraska,McPherson,31117,2024,3232.3700000000003
Nebraska,Merrick,31121,2024,57826.689999999995
Nebraska,Morrill,31123,2024,1256.08
Nebraska,Nance,31125,2024,38615.66
Nebraska,Nemaha,31127,2024,86748.68000000001
Nebraska,Nuckolls,31129,2024,45981.5
Nebraska,Otoe,31131,2024,130823.27
Nebraska,Pawnee,31133,2024,72834.61
Nebraska,Perkins,31135,2024,27413.42
Nebraska,Phelps,31137,2024,93335.25
Nebraska,Pierce,31139,2024,101059.95
Nebraska,Platte,31141,2024,148427.375
Nebraska,Polk,31143,2024,16071.11
Nebraska,Red Willow,31145,2024,14522.029999999999
Nebraska,Richardson,31147,2024,111205.2
Nebraska,Rock,31149,2024,14961.779999999999
Nebraska,Saline,31151,2024,115389.53
Nebraska,Sarpy,31153,2024,22697.324
Nebraska,Saunders,31155,2024,164723.61000000002
Nebraska,Scotts Bluff,31157,2024,1299.14
Nebraska,Seward,31159,2024,119207.35
Nebraska,Sheridan,31161,2024,4100.4800000000005
Nebraska,Sherman,31163,2024,19166.73
Nebraska,South Sioux,31165,2024,138.03
Nebraska,Stanton,31167,2024,58555.93
Nebraska,Thayer,31169,2024,125134.25
Nebraska,Thurston,31173,2024,85230.31999999999
Nebraska,Valley,31175,2024,50967.25
Nebraska,Washington,31177,2024,87726.65
Nebraska,Wayne,31179,2024,103971.57
Nebraska,Webster,31181,2024,61055.229999999996
Nebraska,Wheeler,31183,2024,9468.13
Nebraska,York,31185,2024,119020.369
New Hampshire,Carroll,33003,2024,72.91
New Hampshire,Cheshire,33005,2024,107.52
New Hampshire,Coos,33007,2024,88.29
New Hampshire,Grafton,33009,2024,46.19
New Hampshire,Merrimack,33013,2024,105.28
New Jersey,Atlantic,34001,2024,431.49
New Jersey,Burlington,34005,2024,21224.719999999998
New Jersey,Camden,34007,2024,218.53
New Jersey,Cape May,34009,2024,283.41
New Jersey,Cumberland,34011,2024,9208.78
New Jersey,Gloucester,34015,2024,9715.57
New Jersey,Hunterdon,34019,2024,6756.32
New Jersey,Mercer,34021,2024,3230.0899999999997
New Jersey,Middlesex,34023,2024,2487.59
New Jersey,Monmouth,34025,2024,4578.2
New Jersey,"Morris, Bergen, Essex, Hudson, Passaic",34027,2024,191.56
New Jersey,Ocean,34029,2024,569.89
New Jersey,Salem,34033,2024,27190.93
New Jersey,"Somerset, Union",34035,2024,1585.67
New Jersey,Sussex,34037,2024,1382.46
New Jersey,Warren,34041,2024,9947.18
New York,Albany,36001,2024,125.9
New York,Allegany,36003,2024,1368.37
New York,Broome,36007,2024,789.75
New York,Cattaraugus,36009,2024,5067.42
New York,Cayuga,36011,2024,34742.4923
New York,Chautauqua,36013,2024,4325.87
New York,Chemung,36015,2024,1783.27
New York,Chenango,36017,2024,1150.11
New York,Clinton,36019,2024,1268.45
New York,Columbia,36021,2024,4632.07
New York,Cortland,36023,2024,2169.72
New York,Delaware,36025,2024,546.6800000000001
New York,Dutchess,36027,2024,1397.9
New York,Erie,36029,2024,8212.19
New York,Essex,36031,2024,414.85
New York,Franklin,36033,2024,1704.32
New York,Fulton,36035,2024,836.71
New York,Genesee,36037,2024,20726.65
New York,Herkimer,36043,2024,4348.05
New York,Jefferson,36045,2024,10365.66
New York,Lewis,36049,2024,2753.8
New York,Livingston,36051,2024,25731.5
New York,Madison,36053,2024,6831.9800000000005
New York,Monroe,36055,2024,15325.342
New York,Montgomery,36057,2024,6367.280000000001
New York,Niagara,36063,2024,21872.18
New York,Oneida,36065,2024,11663.509999999998
New York,Onondaga,36067,2024,12402.18
New York,Ontario,36069,2024,25293.31
New York,"Orange, Rockland",36071,2024,2792.87
New York,Orleans,36073,2024,24449.81
New York,Oswego,36075,2024,7664.3
New York,Otsego,36077,2024,4630.02
New York,Rensselaer,36083,2024,2529.05
New York,Saratoga,36091,2024,1164.73
New York,Schenectady,36093,2024,250.49
New York,Schoharie,36095,2024,1230.98
New York,Schuyler,36097,2024,1379.81
New York,Seneca,36099,2024,24734.565000000002
New York,St. Lawrence,36089,2024,8100.2300000000005
New York,Steuben,36101,2024,7453.79
New York,Sullivan,36105,2024,145.9
New York,Tioga,36107,2024,2005.9721
New York,Tompkins,36109,2024,3880.06
New York,Ulster,36111,2024,75.04
New York,Washington,36115,2024,1303.5
New York,Wayne,36117,2024,20520.34
New York,Wyoming,36121,2024,4167.23
New York,Yates,36123,2024,5392.929999999999
North Carolina,Alamance,37001,2024,4365.86
North Carolina,Alexander,37003,2024,2646.73
North Carolina,Anson,37007,2024,14518.28
North Carolina,Ashe,37009,2024,9.05
North Carolina,Beaufort,37013,2024,72327.47
North Carolina,Bertie,37015,2024,29426.43
North Carolina,Bladen,37017,2024,17728.28
North Carolina,Brunswick,37019,2024,7205.66
North Carolina,Buncombe,37021,2024,45.12
North Carolina,Burke,37023,2024,1116.07
North Carolina,Cabarrus,37025,2024,5897.83
North Carolina,Caldwell,37027,2024,1209.4
North Carolina,Camden,37029,2024,27670.72
North Carolina,Carteret,37031,2024,25335.73
North Carolina,Caswell,37033,2024,4744.52
North Carolina,Catawba,37035,2024,6829.96
North Carolina,Chatham,37037,2024,3000.43
North Carolina,Cherokee,37039,2024,444.97
North Carolina,Chowan,37041,2024,15030.26
North Carolina,Clay,37043,2024,235.21
North Carolina,Cleveland,37045,2024,13712.2
North Carolina,Columbus,37047,2024,55947.04
North Carolina,Craven,37049,2024,21516.65
North Carolina,Cumberland,37051,2024,17696.1
North Carolina,Currituck,37053,2024,12693.72
North Carolina,Dare,37055,2024,1104.4
North Carolina,Davidson,37057,2024,11395.06
North Carolina,Davie,37059,2024,7591.09
North Carolina,Duplin,37061,2024,53129.8
North Carolina,Durham,37063,2024,1061.71
North Carolina,Edgecombe,37065,2024,41741.34
North Carolina,Forsyth,37067,2024,4099.73
North Carolina,Franklin,37069,2024,18577.710000000003
North Carolina,Gaston,37071,2024,2348.97
North Carolina,Gates,37073,2024,21120.21
North Carolina,Granville,37077,2024,7614.96
North Carolina,Greene,37079,2024,31229.78
North Carolina,Guilford,37081,2024,9909.949999999999
North Carolina,Halifax,37083,2024,32566.21
North Carolina,Harnett,37085,2024,25169.420000000002
North Carolina,Haywood,37087,2024,136.24
North Carolina,Henderson,37089,2024,344.3
North Carolina,Hertford,37091,2024,8940.89
North Carolina,Hoke,37093,2024,9348.98
North Carolina,Hyde,37095,2024,30669.1
North Carolina,Iredell,37097,2024,15502.289999999999
North Carolina,Johnston,37101,2024,44698.479999999996
North Carolina,Jones,37103,2024,21485.65
North Carolina,Lee,37105,2024,4235.34
North Carolina,Lenoir,37107,2024,37971.7
North Carolina,Lincoln,37109,2024,5310.92
North Carolina,Macon,37113,2024,17.89
North Carolina,Martin,37117,2024,23033.67
North Carolina,McDowell,37111,2024,129.26
North Carolina,Mecklenburg,37119,2024,603.7
North Carolina,Montgomery,37123,2024,699.06
North Carolina,Moore,37125,2024,2446.13
North Carolina,Nash,37127,2024,25907.91
North Carolina,New Hanover,37129,2024,450.64
North Carolina,Northampton,37131,2024,35304.4
North Carolina,Onslow,37133,2024,13283.88
North Carolina,Orange,37135,2024,2970.08
North Carolina,Pamlico,37137,2024,14655.11
North Carolina,Pasquotank,37139,2024,45939.96
North Carolina,Pender,37141,2024,14744.18
North Carolina,Perquimans,37143,2024,37830.06
North Carolina,Person,37145,2024,13220.92
North Carolina,Pitt,37147,2024,57172.310000000005
North Carolina,Randolph,37151,2024,9275.12
North Carolina,Richmond,37153,2024,3433.41
North Carolina,Robeson,37155,2024,83704.40999999999
North Carolina,Rockingham,37157,2024,8140.39
North Carolina,Rowan,37159,2024,20626.76
North Carolina,Rutherford,37161,2024,1227.69
North Carolina,Sampson,37163,2024,63282.94
North Carolina,Scotland,37165,2024,9180.0
North Carolina,Stanly,37167,2024,18977.95
North Carolina,Stokes,37169,2024,2592.38
North Carolina,Surry,37171,2024,10952.78
North Carolina,Transylvania,37175,2024,161.97
North Carolina,Tyrrell,37177,2024,36553.72
North Carolina,Union,37179,2024,60849.61
North Carolina,Vance,37181,2024,6350.8
North Carolina,Wake,37183,2024,9634.298
North Carolina,Warren,37185,2024,10505.43
North Carolina,Washington,37187,2024,40501.46
North Carolina,Wayne,37191,2024,53798.25
North Carolina,Wilkes,37193,2024,1623.84
North Carolina,Wilson,37195,2024,38490.14
North Carolina,Yadkin,37197,2024,22636.84
North Dakota,Adams,38001,2024,15512.94
North Dakota,Barnes,38003,2024,323535.49000000005
North Dakota,Benson,38005,2024,163764.84
North Dakota,Bottineau,38009,2024,197085.36
North Dakota,Bowman,38011,2024,2442.33
North Dakota,Burke,38013,2024,24932.85
North Dakota,Burleigh,38015,2024,127068.88
North Dakota,Cass,38017,2024,398253.565
North Dakota,Cavalier,38019,2024,161210.18
North Dakota,Dickey,38021,2024,189477.66
North Dakota,Divide,38023,2024,25474.28
North Dakota,Dunn,38025,2024,2221.28
North Dakota,Eddy,38027,2024,94518.02
North Dakota,Emmons,38029,2024,146154.88
North Dakota,Foster,38031,2024,145412.08000000002
North Dakota,Grand Forks,38035,2024,181220.33
North Dakota,Grant,38037,2024,42322.1
North Dakota,Griggs,38039,2024,129378.84
North Dakota,Hettinger,38041,2024,13414.72
North Dakota,Kidder,38043,2024,111079.05
North Dakota,LaMoure,38045,2024,306114.10000000003
North Dakota,Logan,38047,2024,117144.7
North Dakota,McHenry,38049,2024,169303.11
North Dakota,McIntosh,38051,2024,144219.55
North Dakota,McKenzie,38053,2024,10893.11
North Dakota,McLean,38055,2024,189630.1801
North Dakota,Mercer,38057,2024,30740.71
North Dakota,Morton,38059,2024,71178.59999999999
North Dakota,Mountrail,38061,2024,60967.200000000004
North Dakota,Nelson,38063,2024,136339.07
North Dakota,Oliver,38065,2024,38062.950000000004
North Dakota,Pembina,38067,2024,122631.36
North Dakota,Pierce,38069,2024,125014.06999999999
North Dakota,Ramsey,38071,2024,133223.0
North Dakota,Ransom,38073,2024,138712.23
North Dakota,Renville,38075,2024,121864.53
North Dakota,Richland,38077,2024,291666.43000000005
North Dakota,Rolette,38079,2024,73377.93
North Dakota,Sargent,38081,2024,178727.97
North Dakota,Sheridan,38083,2024,112917.15
North Dakota,Sioux,38085,2024,15519.47
North Dakota,Slope,38087,2024,3793.79
North Dakota,Stark,38089,2024,4462.76
North Dakota,Steele,38091,2024,158053.12999999998
North Dakota,Stutsman,38093,2024,409269.01
North Dakota,Towner,38095,2024,139466.1
North Dakota,Traill,38097,2024,181982.89
North Dakota,Walsh,38099,2024,118843.375
North Dakota,Ward,38101,2024,188112.75
North Dakota,Wells,38103,2024,221104.41000000003
North Dakota,Williams,38105,2024,23597.5
Ohio,Adams,39001,2024,32711.35
Ohio,Allen,39003,2024,85623.93
Ohio,Ashland,39005,2024,40913.99
Ohio,Ashtabula,39007,2024,35167.630000000005
Ohio,Athens,39009,2024,3347.82
Ohio,Auglaize,39011,2024,98885.82
Ohio,Belmont,39013,2024,213.33
Ohio,Brown,39015,2024,89207.37
Ohio,Butler,39017,2024,38676.87
Ohio,Carroll,39019,2024,8389.05
Ohio,Champaign,39021,2024,94685.84
Ohio,Clark,39023,2024,63862.32
Ohio,Clermont,39025,2024,35804.9
Ohio,Clinton,39027,2024,108980.01
Ohio,Columbiana,39029,2024,28782.13
Ohio,Coshocton,39031,2024,21331.88
Ohio,Crawford,39033,2024,114947.74
Ohio,Cuyahoga,39035,2024,89.37
Ohio,Darke,39037,2024,146305.88999999998
Ohio,Defiance,39039,2024,108264.085
Ohio,Delaware,39041,2024,73557.4
Ohio,East Lucas,39094,2024,12149.09
Ohio,Erie,39043,2024,39831.200000000004
Ohio,Fairfield,39045,2024,71072.46
Ohio,Fayette,39047,2024,112630.96
Ohio,Franklin,39049,2024,21848.29
Ohio,Fulton,39051,2024,88053.51000000001
Ohio,Gallia,39053,2024,5234.99
Ohio,Geauga,39055,2024,4578.379999999999
Ohio,Greene,39057,2024,71215.02500000001
Ohio,Guernsey,39059,2024,3253.11
Ohio,Hamilton,39061,2024,3351.41
Ohio,Hancock,39063,2024,131674.57
Ohio,Hardin,39065,2024,124892.77
Ohio,Harrison,39067,2024,2702.91
Ohio,Henry,39069,2024,107304.52
Ohio,Highland,39071,2024,106810.29
Ohio,Hocking,39073,2024,2556.5
Ohio,Holmes,39075,2024,19097.61
Ohio,Huron,39077,2024,119110.26
Ohio,Jackson,39079,2024,5401.2
Ohio,Jefferson,39081,2024,2026.89
Ohio,Knox,39083,2024,58286.61
Ohio,Lake,39085,2024,993.03
Ohio,Lawrence,39087,2024,1424.49
Ohio,Licking,39089,2024,71099.722
Ohio,Logan,39091,2024,98380.29
Ohio,Lorain,39093,2024,60260.835
Ohio,Madison,39097,2024,118640.36
Ohio,Mahoning,39099,2024,20486.27
Ohio,Marion,39101,2024,107187.64
Ohio,Medina,39103,2024,28365.75
Ohio,Meigs,39105,2024,3528.89
Ohio,Mercer,39107,2024,112262.619
Ohio,Miami,39109,2024,81777.295
Ohio,Monroe,39111,2024,176.71
Ohio,Montgomery,39113,2024,38482.415
Ohio,Morgan,39115,2024,2666.07
Ohio,Morrow,39117,2024,76069.64
Ohio,Muskingum,39119,2024,18535.0
Ohio,Noble,39121,2024,529.37
Ohio,Ottawa,39123,2024,68610.906
Ohio,Paulding,39125,2024,112925.46
Ohio,Perry,39127,2024,17673.72
Ohio,Pickaway,39129,2024,120859.72
Ohio,Pike,39131,2024,12751.699999999999
Ohio,Portage,39133,2024,17880.15
Ohio,Preble,39135,2024,88001.09
Ohio,Putnam,39137,2024,137360.3
Ohio,Richland,39139,2024,38984.62
Ohio,Ross,39141,2024,61389.36
Ohio,Sandusky,39143,2024,102054.4973
Ohio,Scioto,39145,2024,18117.91
Ohio,Seneca,39147,2024,132553.775
Ohio,Shelby,39149,2024,100864.92
Ohio,Stark,39151,2024,32102.690000000002
Ohio,Summit,39153,2024,1155.23
Ohio,Trumbull,39155,2024,30185.4
Ohio,Tuscarawas,39157,2024,15800.93
Ohio,Union,39159,2024,99437.76999999999
Ohio,Van Wert,39161,2024,127853.16
Ohio,Vinton,39163,2024,1381.83
Ohio,Warren,39165,2024,38291.71
Ohio,Washington,39167,2024,10136.5
Ohio,Wayne,39169,2024,42214.28
Ohio,West Lucas,39095,2024,17627.0
Ohio,Williams,39171,2024,91518.45
Ohio,Wood,39173,2024,166826.81
Ohio,Wyandot,39175,2024,106543.25499999999
Oklahoma,Adair,40001,2024,98.61
Oklahoma,Alfalfa,40003,2024,18855.69
Oklahoma,Beaver,40007,2024,1036.97
Oklahoma,Blaine,40011,2024,2575.48
Oklahoma,Bryan,40013,2024,1905.58
Oklahoma,Caddo,40015,2024,6537.59
Oklahoma,Canadian,40017,2024,3579.3
Oklahoma,Choctaw,40023,2024,3411.65
Oklahoma,Cleveland,40027,2024,292.4
Oklahoma,Comanche,40031,2024,15.9
Oklahoma,Craig,40035,2024,9060.390000000001
Oklahoma,Creek,40037,2024,226.68
Oklahoma,Custer,40039,2024,1464.31
Oklahoma,Delaware,40041,2024,1258.62
Oklahoma,Dewey,40043,2024,1464.67
Oklahoma,Ellis,40045,2024,745.53
Oklahoma,Garfield,40047,2024,55987.03
Oklahoma,Garvin,40049,2024,4581.5
Oklahoma,Grady,40051,2024,3128.64
Oklahoma,Grant,40053,2024,80658.02
Oklahoma,Haskell,40061,2024,1273.03
Oklahoma,Hughes,40063,2024,181.65
Oklahoma,Kay,40071,2024,106571.01000000001
Oklahoma,Kingfisher,40073,2024,2557.9300000000003
Oklahoma,Le Flore,40079,2024,21190.85
Oklahoma,Lincoln,40081,2024,478.89
Oklahoma,Logan,40083,2024,2588.86
Oklahoma,Love,40085,2024,0.0
Oklahoma,Major,40093,2024,3831.48
Oklahoma,Marshall,40095,2024,16.33
Oklahoma,Mayes,40097,2024,5036.3
Oklahoma,McClain,40087,2024,1591.7
Oklahoma,McCurtain,40089,2024,8232.93
Oklahoma,McIntosh,40091,2024,57.45
Oklahoma,Muskogee,40101,2024,18549.05
Oklahoma,Noble,40103,2024,25431.49
Oklahoma,Nowata,40105,2024,4408.88
Oklahoma,Okfuskee,40107,2024,368.21000000000004
Oklahoma,Oklahoma,40109,2024,704.01
Oklahoma,Okmulgee,40111,2024,3562.56
Oklahoma,Osage,40113,2024,8765.720000000001
Oklahoma,Ottawa,40115,2024,23792.07
Oklahoma,Pawnee,40117,2024,2563.22
Oklahoma,Payne,40119,2024,2279.8
Oklahoma,Pottawatomie,40125,2024,1956.28
Oklahoma,Rogers,40131,2024,2548.09
Oklahoma,Seminole,40133,2024,133.46
Oklahoma,Sequoyah,40135,2024,2238.56
Oklahoma,Texas,40139,2024,2695.47
Oklahoma,Tillman,40141,2024,851.6700000000001
Oklahoma,Tulsa,40143,2024,1616.26
Oklahoma,Wagoner,40145,2024,35771.590000000004
Oklahoma,Washington,40147,2024,7708.14
Oklahoma,Washita,40149,2024,2201.8199999999997
Oklahoma,Woods,40151,2024,1207.14
Oklahoma,Woodward,40153,2024,254.89
Oregon,Umatilla,41059,2024,67.14
Oregon,Yamhill,41071,2024,3.28
Pennsylvania,Adams,42001,2024,24389.07
Pennsylvania,Allegheny,42003,2024,444.15
Pennsylvania,Armstrong,42005,2024,7984.99
Pennsylvania,Beaver,42007,2024,4124.45
Pennsylvania,Bedford,42009,2024,9674.48
Pennsylvania,Berks,42011,2024,27001.76
Pennsylvania,Blair,42013,2024,4642.15
Pennsylvania,Bradford,42015,2024,5879.31
Pennsylvania,Bucks,42017,2024,9745.72
Pennsylvania,Butler,42019,2024,11078.97
Pennsylvania,Cambria,42021,2024,11549.17
Pennsylvania,Carbon,42025,2024,1708.42
Pennsylvania,Centre,42027,2024,13645.9861
Pennsylvania,Chester,42029,2024,12271.554
Pennsylvania,Clarion,42031,2024,5650.77
Pennsylvania,Clearfield,42033,2024,1662.43
Pennsylvania,Clinton,42035,2024,3566.94
Pennsylvania,Columbia,42037,2024,15637.97
Pennsylvania,Crawford,42039,2024,23039.920000000002
Pennsylvania,Cumberland,42041,2024,19544.52
Pennsylvania,Dauphin,42043,2024,13423.106
Pennsylvania,Delaware,42045,2024,167.18
Pennsylvania,Elk,42047,2024,128.41
Pennsylvania,Erie,42049,2024,18235.9377
Pennsylvania,Fayette,42051,2024,6125.71
Pennsylvania,Forest,42053,2024,192.85
Pennsylvania,Franklin,42055,2024,19233.46
Pennsylvania,Fulton,42057,2024,3309.43
Pennsylvania,Greene,42059,2024,351.89
Pennsylvania,Huntingdon,42061,2024,6881.81
Pennsylvania,Indiana,42063,2024,17534.86
Pennsylvania,Jefferson,42065,2024,4801.05
Pennsylvania,Juniata,42067,2024,8750.2
Pennsylvania,Lackawanna,42069,2024,125.73
Pennsylvania,Lancaster,42071,2024,23539.87
Pennsylvania,Lawrence,42073,2024,9722.635
Pennsylvania,Lebanon,42075,2024,6913.65
Pennsylvania,Lehigh,42077,2024,12240.26
Pennsylvania,Luzerne,42079,2024,3293.05
Pennsylvania,Lycoming,42081,2024,10314.08
Pennsylvania,McKean,42083,2024,79.69
Pennsylvania,Mercer,42085,2024,22939.93
Pennsylvania,Mifflin,42087,2024,6256.38
Pennsylvania,Monroe,42089,2024,2151.91
Pennsylvania,Montgomery,42091,2024,3501.49
Pennsylvania,Montour,42093,2024,8080.94
Pennsylvania,Northampton,42095,2024,13852.72
Pennsylvania,Northumberland,42097,2024,21966.7
Pennsylvania,Perry,42099,2024,11347.12
Pennsylvania,Potter,42105,2024,847.89
Pennsylvania,Schuylkill,42107,2024,11535.65
Pennsylvania,Snyder,42109,2024,8172.57
Pennsylvania,Somerset,42111,2024,12601.59
Pennsylvania,Sullivan,42113,2024,317.74
Pennsylvania,Susquehanna,42115,2024,98.65
Pennsylvania,Tioga,42117,2024,2592.5899999999997
Pennsylvania,Union,42119,2024,6061.4
Pennsylvania,Venango,42121,2024,3523.02
Pennsylvania,Warren,42123,2024,763.47
Pennsylvania,Washington,42125,2024,2444.83
Pennsylvania,Westmoreland,42129,2024,11081.285
Pennsylvania,Wyoming,42131,2024,1241.8
Pennsylvania,York,42133,2024,42836.7762
South Carolina,Abbeville,45001,2024,115.2
South Carolina,Aiken,45003,2024,3705.12
South Carolina,Allendale,45005,2024,6009.3099999999995
South Carolina,Anderson,45007,2024,3116.56
South Carolina,Bamberg,45009,2024,4190.61
South Carolina,Barnwell,45011,2024,3748.6400000000003
South Carolina,Berkeley,45015,2024,1762.95
South Carolina,Calhoun,45017,2024,5384.07
South Carolina,Charleston,45019,2024,273.8
South Carolina,Cherokee,45021,2024,1418.68
South Carolina,Chester,45023,2024,198.67
South Carolina,Chesterfield,45025,2024,9424.99
South Carolina,Clarendon,45027,2024,33243.0
South Carolina,Colleton,45029,2024,3452.76
South Carolina,Darlington,45031,2024,30825.550000000003
South Carolina,Dillon,45033,2024,28832.23
South Carolina,Dorchester,45035,2024,5168.28
South Carolina,Edgefield,45037,2024,808.49
South Carolina,Florence,45041,2024,40031.04
South Carolina,Georgetown,45043,2024,4142.7699999999995
South Carolina,Greenville,45045,2024,376.55
South Carolina,Hampton,45049,2024,1479.48
South Carolina,Horry,45051,2024,36586.32
South Carolina,Kershaw,45055,2024,1105.85
South Carolina,Lancaster,45057,2024,1978.27
South Carolina,Laurens,45059,2024,425.65999999999997
South Carolina,Lee,45061,2024,22848.059999999998
South Carolina,Lexington,45063,2024,3025.5699999999997
South Carolina,Marion,45067,2024,15857.469
South Carolina,Marlboro,45069,2024,18296.96
South Carolina,Newberry,45071,2024,3205.98
South Carolina,Oconee,45073,2024,1157.66
South Carolina,Orangeburg,45075,2024,19022.699999999997
South Carolina,Pickens,45077,2024,85.2
South Carolina,Richland,45079,2024,1379.4099999999999
South Carolina,Saluda,45081,2024,628.8000000000001
South Carolina,Spartanburg,45083,2024,2892.3
South Carolina,Sumter,45085,2024,23178.809999999998
South Carolina,Williamsburg,45089,2024,36962.89
South Carolina,York,45091,2024,326.93
South Dakota,Aurora,46003,2024,70692.94
South Dakota,Beadle,46005,2024,194259.40999999997
South Dakota,Bennett,46007,2024,2757.48
South Dakota,Bon Homme,46009,2024,92522.76
South Dakota,Brookings,46011,2024,121368.8
South Dakota,Brown,46013,2024,357243.7
South Dakota,Brule,46015,2024,65562.08
South Dakota,Buffalo,46017,2024,15060.429999999998
South Dakota,Butte,46019,2024,1556.1100000000001
South Dakota,Campbell,46021,2024,86856.26
South Dakota,Charles Mix,46023,2024,144219.36
South Dakota,Clark,46025,2024,134897.72999999998
South Dakota,Clay,46027,2024,84458.10399999999
South Dakota,Codington,46029,2024,93684.215
South Dakota,Corson,46031,2024,20102.26
South Dakota,Davison,46035,2024,78708.64
South Dakota,Day,46037,2024,151229.59000000003
South Dakota,Deuel,46039,2024,90950.82
South Dakota,Dewey,46041,2024,5494.360000000001
South Dakota,Douglas,46043,2024,81754.45
South Dakota,Edmunds,46045,2024,206663.41999999998
South Dakota,Faulk,46049,2024,146706.12
South Dakota,Grant,46051,2024,105238.06
South Dakota,Gregory,46053,2024,54196.25
South Dakota,Haakon,46055,2024,1785.11
South Dakota,Hamlin,46057,2024,96257.21
South Dakota,Hand,46059,2024,190561.31999999998
South Dakota,Hanson,46061,2024,75175.09999999999
South Dakota,Hughes,46065,2024,41946.32
South Dakota,Hutchinson,46067,2024,154279.66999999998
South Dakota,Hyde,46069,2024,74935.07999999999
South Dakota,Jackson,46071,2024,222.16
South Dakota,Jerauld,46073,2024,34838.880000000005
South Dakota,Jones,46075,2024,12511.03
South Dakota,Kingsbury,46077,2024,140002.99000000002
South Dakota,Lake,46079,2024,109652.26
South Dakota,Lawrence,46081,2024,144.21
South Dakota,Lincoln,46083,2024,118856.4
South Dakota,Lyman,46085,2024,65106.84
South Dakota,Marshall,46091,2024,97224.44
South Dakota,McCook,46087,2024,111693.44
South Dakota,McPherson,46089,2024,94356.31
South Dakota,Meade,46093,2024,72.49
South Dakota,Mellette,46095,2024,4119.25
South Dakota,Miner,46097,2024,85713.48
South Dakota,Minnehaha,46099,2024,138144.48
South Dakota,Moody,46101,2024,97948.89
South Dakota,Pennington,46103,2024,1866.39
South Dakota,Perkins,46105,2024,5995.26
South Dakota,Potter,46107,2024,112805.675
South Dakota,Roberts,46109,2024,159267.75
South Dakota,Sanborn,46111,2024,61363.66
South Dakota,Shannon,46113,2024,218.4
South Dakota,Spink,46115,2024,320963.28
South Dakota,Stanley,46117,2024,3503.45
South Dakota,Sully,46119,2024,84230.23000000001
South Dakota,Todd,46121,2024,2389.02
South Dakota,Tripp,46123,2024,58959.189999999995
South Dakota,Turner,46125,2024,135141.33000000002
South Dakota,Union,46127,2024,106425.94
South Dakota,Walworth,46129,2024,82688.61
South Dakota,Yankton,46135,2024,82807.12999999999
South Dakota,Ziebach,46137,2024,1479.68
Tennessee,Bedford,47003,2024,13182.56
Tennessee,Benton,47005,2024,14231.67
Tennessee,Bledsoe,47007,2024,2093.74
Tennessee,Blount,47009,2024,4210.77
Tennessee,Bradley,47011,2024,2372.75
Tennessee,Cannon,47015,2024,7464.465
Tennessee,Carroll,47017,2024,43363.73
Tennessee,Carter,47019,2024,109.12
Tennessee,Cheatham,47021,2024,3166.16
Tennessee,Chester,47023,2024,11469.67
Tennessee,Claiborne,47025,2024,378.79
Tennessee,Clay,47027,2024,2794.97
Tennessee,Cocke,47029,2024,1182.9
Tennessee,Coffee,47031,2024,34316.13
Tennessee,Crockett,47033,2024,72981.6
Tennessee,Cumberland,47035,2024,221.09
Tennessee,Davidson,47037,2024,1043.09
Tennessee,DeKalb,47041,2024,9575.84
Tennessee,Decatur,47039,2024,10399.57
Tennessee,Dickson,47043,2024,3226.05
Tennessee,Dyer,47045,2024,141388.86
Tennessee,Fayette,47047,2024,75441.06
Tennessee,Fentress,47049,2024,1710.5
Tennessee,Franklin,47051,2024,25581.32
Tennessee,Gibson,47053,2024,135144.88
Tennessee,Giles,47055,2024,13334.91
Tennessee,Grainger,47057,2024,853.0
Tennessee,Greene,47059,2024,6549.47
Tennessee,Grundy,47061,2024,3235.47
Tennessee,Hamblen,47063,2024,2218.57
Tennessee,Hamilton,47065,2024,95.24
Tennessee,Hancock,47067,2024,45.86
Tennessee,Hardeman,47069,2024,37532.5
Tennessee,Hardin,47071,2024,28884.75
Tennessee,Hawkins,47073,2024,659.31
Tennessee,Haywood,47075,2024,104317.67000000001
Tennessee,Henderson,47077,2024,37593.740000000005
Tennessee,Henry,47079,2024,47835.81
Tennessee,Hickman,47081,2024,6638.200000000001
Tennessee,Houston,47083,2024,387.73
Tennessee,Humphreys,47085,2024,4665.31
Tennessee,Jackson,47087,2024,2162.33
Tennessee,Jefferson,47089,2024,1654.69
Tennessee,Knox,47093,2024,425.67
Tennessee,Lake,47095,2024,54714.24
Tennessee,Lauderdale,47097,2024,92076.31999999999
Tennessee,Lawrence,47099,2024,32328.94
Tennessee,Lewis,47101,2024,434.04
Tennessee,Lincoln,47103,2024,18816.14
Tennessee,Loudon,47105,2024,4122.66
Tennessee,Macon,47111,2024,8240.44
Tennessee,Madison,47113,2024,57173.158
Tennessee,Marion,47115,2024,4113.59
Tennessee,Marshall,47117,2024,9048.61
Tennessee,Maury,47119,2024,13489.199999999999
Tennessee,McMinn,47107,2024,7443.17
Tennessee,McNairy,47109,2024,30481.88
Tennessee,Meigs,47121,2024,923.98
Tennessee,Monroe,47123,2024,6535.13
Tennessee,Montgomery,47125,2024,23328.26
Tennessee,Moore,47127,2024,127.58
Tennessee,Morgan,47129,2024,473.42
Tennessee,Obion,47131,2024,123139.90000000001
Tennessee,Overton,47133,2024,3965.07
Tennessee,Perry,47135,2024,2102.02
Tennessee,Pickett,47137,2024,669.57
Tennessee,Polk,47139,2024,4199.55
Tennessee,Putnam,47141,2024,2298.22
Tennessee,Rhea,47143,2024,1398.21
Tennessee,Roane,47145,2024,27.29
Tennessee,Robertson,47147,2024,53451.52
Tennessee,Rutherford,47149,2024,12403.72
Tennessee,Sequatchie,47153,2024,1120.08
Tennessee,Sevier,47155,2024,0.0
Tennessee,Shelby,47157,2024,38244.840000000004
Tennessee,Smith,47159,2024,3776.15
Tennessee,Stewart,47161,2024,3997.09
Tennessee,Sullivan,47163,2024,119.01
Tennessee,Sumner,47165,2024,15949.3
Tennessee,Tipton,47167,2024,97988.6622
Tennessee,Trousdale,47169,2024,2428.7
Tennessee,Van Buren,47175,2024,1260.69
Tennessee,Warren,47177,2024,23513.5
Tennessee,Washington,47179,2024,2561.2
Tennessee,Wayne,47181,2024,4098.52
Tennessee,Weakley,47183,2024,93527.83
Tennessee,White,47185,2024,5582.1
Tennessee,Williamson,47187,2024,4719.77
Tennessee,Wilson,47189,2024,4105.3
Texas,Bailey,48017,2024,364.84
Texas,Bowie,48037,2024,5769.099999999999
Texas,Brazoria,48039,2024,2722.87
Texas,Brazos,48041,2024,142.55
Texas,Burleson,48051,2024,9.12
Texas,Calhoun,48057,2024,766.94
Texas,Cameron,48061,2024,42.2
Texas,Castro,48069,2024,125.0
Texas,Chambers,48071,2024,0.0
Texas,Collin,48085,2024,847.49
Texas,Colorado,48089,2024,1124.82
Texas,Cooke,48097,2024,491.6
Texas,Coryell,48099,2024,33.29
Texas,Dallas,48113,2024,96.07
Texas,Delta,48119,2024,3486.5
Texas,Ellis,48139,2024,1526.27
Texas,Falls,48145,2024,371.94
Texas,Fannin,48147,2024,2630.31
Texas,Fort Bend,48157,2024,930.34
Texas,Gaines,48165,2024,5536.59
Texas,Galveston,48167,2024,111.88
Texas,Grayson,48181,2024,553.72
Texas,Hale,48189,2024,474.79
Texas,Hamilton,48193,2024,35.29
Texas,Hansford,48195,2024,2425.79
Texas,Harris,48201,2024,10.15
Texas,Hartley,48205,2024,789.0
Texas,Hemphill,48211,2024,29.72
Texas,Hidalgo,48215,2024,56.85
Texas,Hill,48217,2024,18.1
Texas,Hopkins,48223,2024,2056.29
Texas,Hunt,48231,2024,5282.28
Texas,Hutchinson,48233,2024,0.0
Texas,Jackson,48239,2024,514.68
Texas,Kaufman,48257,2024,1534.37
Texas,La Salle,48283,2024,65.0
Texas,Lamar,48277,2024,24063.4
Texas,Lamb,48279,2024,1015.0
Texas,Liberty,48291,2024,2701.65
Texas,Lubbock,48303,2024,380.0
Texas,Matagorda,48321,2024,2053.01
Texas,McLennan,48309,2024,727.52
Texas,Milam,48331,2024,39.53
Texas,Moore,48341,2024,773.86
Texas,Nueces,48355,2024,1.21
Texas,Ochiltree,48357,2024,2253.24
Texas,Parmer,48369,2024,232.0
Texas,Red River,48387,2024,6950.85
Texas,Robertson,48395,2024,4423.29
Texas,Scurry,48415,2024,16.75
Texas,Sherman,48421,2024,1202.02
Texas,Swisher,48437,2024,409.95
Texas,Terry,48445,2024,457.0
Texas,Titus,48449,2024,644.51
Texas,Victoria,48469,2024,1110.68
Texas,Waller,48473,2024,2.5
Texas,Wharton,48481,2024,4318.94
Texas,Wilson,48493,2024,144.46
Texas,Yoakum,48501,2024,122.23
Utah,Box Elder,49003,2024,4.84
Vermont,Addison,50001,2024,5708.02
Vermont,Bennington,50003,2024,107.04
Vermont,Caledonia,50005,2024,69.63
Vermont,Chittenden,50007,2024,823.29
Vermont,Essex,50009,2024,136.64
Vermont,Franklin,50011,2024,1462.25
Vermont,Grand Isle,50013,2024,558.28
Vermont,Rutland,50021,2024,367.27
Virginia,Accomack,51001,2024,28928.2
Virginia,"Albemarle, Charlottesville City",51003,2024,2980.39
Virginia,Amelia,51007,2024,11405.72
Virginia,Amherst,51009,2024,221.64
Virginia,Appomattox,51011,2024,2233.51
Virginia,Augusta,51015,2024,6074.59
Virginia,Bath,51017,2024,135.57
Virginia,Bedford,51019,2024,277.46
Virginia,Botetourt,51023,2024,1639.3600000000001
Virginia,Brunswick,51025,2024,14421.5
Virginia,Buckingham,51029,2024,3405.77
Virginia,"Campbell, Lynchburg City",51031,2024,6944.02
Virginia,Caroline,51033,2024,17874.41
Virginia,"Carroll, East Galax City",51035,2024,21.22
Virginia,Charles City,51036,2024,7524.51
Virginia,Charlotte,51037,2024,9339.95
Virginia,Chesapeake,51550,2024,17172.59
Virginia,Chesterfield,51041,2024,1205.81
Virginia,Clarke,51043,2024,1500.42
Virginia,Craig,51045,2024,226.24
Virginia,Culpeper,51047,2024,11255.9
Virginia,Cumberland,51049,2024,3479.19
Virginia,"Dinwiddie, Petersburg City",51053,2024,17716.93
Virginia,Essex,51057,2024,22549.91
Virginia,Fauquier,51061,2024,15286.1
Virginia,Floyd,51063,2024,17.5
Virginia,Fluvanna,51065,2024,2242.52
Virginia,Franklin,51067,2024,8058.34
Virginia,"Frederick, Winchester City",51069,2024,1285.72
Virginia,Gloucester,51073,2024,7484.8
Virginia,Goochland,51075,2024,4587.34
Virginia,"Grayson, West Galax City",51077,2024,7.36
Virginia,Greene,51079,2024,478.85
Virginia,"Greensville, Emporia City",51081,2024,12172.73
Virginia,Halifax,51083,2024,13518.47
Virginia,Hanover,51085,2024,19493.21
Virginia,"Henrico, Richmond City",51087,2024,4253.45
Virginia,"Henry, Martinsville City",51089,2024,350.38
Virginia,Isle of Wight,51093,2024,14680.72
Virginia,"James City, Williamsburg City",51095,2024,1305.78
Virginia,King George,51099,2024,5223.4400000000005
Virginia,King William,51101,2024,14524.99
Virginia,King and Queen,51097,2024,14483.960000000001
Virginia,Lancaster,51103,2024,7138.23
Virginia,Lee,51105,2024,70.25
Virginia,Loudoun,51107,2024,3682.69
Virginia,Louisa,51109,2024,5144.19
Virginia,Lunenburg,51111,2024,4503.099999999999
Virginia,Madison,51113,2024,5349.47
Virginia,Mathews,51115,2024,1686.56
Virginia,Mecklenburg,51117,2024,22322.78
Virginia,Middlesex,51119,2024,5704.03
Virginia,"Montgomery, Radford City",51121,2024,85.58
Virginia,Nelson,51125,2024,357.95
Virginia,New Kent,51127,2024,4600.45
Virginia,Northampton,51131,2024,19225.68
Virginia,Northumberland,51133,2024,16677.6
Virginia,Nottoway,51135,2024,4537.05
Virginia,Orange,51137,2024,7898.11
Virginia,Page,51139,2024,451.0
Virginia,Patrick,51141,2024,192.04999999999998
Virginia,Pittsylvania,51143,2024,11365.820000000002
Virginia,Powhatan,51145,2024,2212.82
Virginia,Prince Edward,51147,2024,2616.69
Virginia,Prince George,51149,2024,8117.46
Virginia,Prince William,51153,2024,1718.56
Virginia,Pulaski,51155,2024,216.87
Virginia,Rappahannock,51157,2024,184.9
Virginia,Richmond,51159,2024,14552.11
Virginia,"Rockbridge, Buena Vista City, Lexington City",51163,2024,252.0
Virginia,"Rockingham, Harrisonburg City",51165,2024,9391.560000000001
Virginia,Shenandoah,51171,2024,4601.06
Virginia,"Southampton, Franklin City",51175,2024,19127.21
Virginia,"Spotsylvania, Fredericksburg City",51177,2024,4292.22
Virginia,Stafford,51179,2024,1917.05
Virginia,Suffolk,51800,2024,15735.54
Virginia,Surry,51181,2024,15339.99
Virginia,Sussex,51183,2024,19914.760000000002
Virginia,Virginia Beach,51810,2024,12266.73
Virginia,Warren,51187,2024,387.25
Virginia,Westmoreland,51193,2024,16388.86
Virginia,Wythe,51197,2024,36.57
Virginia,"York, Poquoson City",51199,2024,59.52
Washington,Klickitat,53039,2024,86.98
Washington,Walla Walla,53071,2024,137.29000000000002
West Virginia,Berkeley,54003,2024,3513.54
West Virginia,Brooke,54009,2024,55.44
West Virginia,Hampshire,54027,2024,613.55
West Virginia,Hardy,54031,2024,1056.54
West Virginia,Jackson,54035,2024,257.88
West Virginia,Jefferson,54037,2024,13720.68
West Virginia,Marion,54049,2024,4.0
West Virginia,Mason,54053,2024,7916.74
West Virginia,Mineral,54057,2024,417.48
West Virginia,Monroe,54063,2024,84.98
West Virginia,Morgan,54065,2024,222.46
West Virginia,Ohio,54069,2024,64.75
West Virginia,Pendleton,54071,2024,52.36
West Virginia,Pleasants,54073,2024,25.37
West Virginia,Pocahontas,54075,2024,12.94
West Virginia,Preston,54077,2024,1810.41
West Virginia,Putnam,54079,2024,62.0
West Virginia,Randolph,54083,2024,233.6
West Virginia,Wood,54107,2024,195.14
Wisconsin,Adams,55001,2024,13316.17
Wisconsin,Ashland,55003,2024,1569.93
Wisconsin,Barron,55005,2024,54341.21
Wisconsin,Bayfield,55007,2024,1556.54
Wisconsin,Brown,55009,2024,21099.07
Wisconsin,Buffalo,55011,2024,31851.12
Wisconsin,Burnett,55013,2024,7456.759999999999
Wisconsin,Calumet,55015,2024,27712.02
Wisconsin,Chippewa,55017,2024,56633.88
Wisconsin,Clark,55019,2024,31944.85
Wisconsin,Columbia,55021,2024,54899.61
Wisconsin,Crawford,55023,2024,21239.09
Wisconsin,Dane,55025,2024,90656.84
Wisconsin,Dodge,55027,2024,84193.73
Wisconsin,Door,55029,2024,15032.57
Wisconsin,Douglas,55031,2024,7.01
Wisconsin,Dunn,55033,2024,66712.37
Wisconsin,Eau Claire,55035,2024,29584.299999999996
Wisconsin,Florence,55037,2024,207.57
Wisconsin,Fond du Lac,55039,2024,55881.509999999995
Wisconsin,Forest,55041,2024,224.71
Wisconsin,Grant,55043,2024,84217.34999999999
Wisconsin,Green,55045,2024,67658.62
Wisconsin,Green Lake,55047,2024,21571.55
Wisconsin,Iowa,55049,2024,50421.75
Wisconsin,Jackson,55053,2024,30148.99
Wisconsin,Jefferson,55055,2024,51139.939999999995
Wisconsin,Juneau,55057,2024,29244.63
Wisconsin,Kenosha,55059,2024,23447.28
Wisconsin,Kewaunee,55061,2024,14337.590000000002
Wisconsin,La Crosse,55063,2024,17852.440000000002
Wisconsin,Lafayette,55065,2024,63223.17
Wisconsin,Langlade,55067,2024,5796.47
Wisconsin,Lincoln,55069,2024,5533.76
Wisconsin,Manitowoc,55071,2024,31546.28
Wisconsin,Marathon,55073,2024,51387.35999999999
Wisconsin,Marinette,55075,2024,9562.42
Wisconsin,Marquette,55077,2024,14941.52
Wisconsin,Menominee,55078,2024,14.28
Wisconsin,Milwaukee,55079,2024,1121.85
Wisconsin,Monroe,55081,2024,27157.0
Wisconsin,Oconto,55083,2024,29735.12
Wisconsin,Oneida,55085,2024,248.34
Wisconsin,Outagamie,55087,2024,47816.46
Wisconsin,Ozaukee,55089,2024,11612.52
Wisconsin,Pepin,55091,2024,18536.15
Wisconsin,Pierce,55093,2024,46941.72
Wisconsin,Polk,55095,2024,36914.439999999995
Wisconsin,Portage,55097,2024,21908.405
Wisconsin,Price,55099,2024,769.32
Wisconsin,Racine,55101,2024,33265.26
Wisconsin,Richland,55103,2024,17276.91
Wisconsin,Rock,55105,2024,103776.54000000001
Wisconsin,Rusk,55107,2024,13800.17
Wisconsin,Sauk,55111,2024,42574.04
Wisconsin,Sawyer,55113,2024,1879.04
Wisconsin,Shawano,55115,2024,30457.629999999997
Wisconsin,Sheboygan,55117,2024,34501.2
Wisconsin,St. Croix,55109,2024,59370.58
Wisconsin,Taylor,55119,2024,27071.29
Wisconsin,Trempealeau,55121,2024,45676.810000000005
Wisconsin,Vernon,55123,2024,32139.430000000004
Wisconsin,Walworth,55127,2024,57636.200000000004
Wisconsin,Washburn,55129,2024,8036.85
Wisconsin,Washington,55131,2024,23567.78
Wisconsin,Waukesha,55133,2024,19674.219999999998
Wisconsin,Waupaca,55135,2024,32248.79
Wisconsin,Waushara,55137,2024,7936.88
Wisconsin,Winnebago,55139,2024,40207.939999999995
Wisconsin,Wood,55141,2024,13272.22
Wyoming,Big Horn,56003,2024,35.03
Wyoming,Goshen,56015,2024,67.0
